customer_id,customer_name,city,customer_segment,credit_limit,join_date
C00001,Sanjay Pandey,Hyderabad,Corporate,150000,2021-10-04
C00002,Mohit Patel,Noida,Premium,500000,2022-12-28
C00003,Swati Iyer,Gurugram,Premium,150000,2021-02-01
C00004,Swati Srivastava,Bengaluru,Retail,200000,2021-01-04
C00005,Amit Iyer,Bengaluru,Premium,150000,2021-05-14
C00006,Mohit Shah,Pune,Corporate,50000,2020-01-28
C00007,Swati Srivastava,Gurugram,Corporate,25000,2020-11-27
C00008,Priya Kapoor,Ahmedabad,Retail,500000,2022-05-29
C00009,Rohit Mehta,Delhi,Retail,100000,2022-09-30
C00010,Mohit Reddy,Hyderabad,Premium,50000,2022-01-30
C00011,Meera Patel,Noida,Corporate,50000,2020-03-29
C00012,Divya Singh,Ahmedabad,Premium,50000,2022-03-20
C00013,Arun Singh,Delhi,Corporate,500000,2020-09-15
C00014,Suresh Gupta,Gurugram,Corporate,50000,2022-05-27
C00015,Sanjay Reddy,Ahmedabad,Retail,50000,2021-07-30
C00016,Gaurav Sharma,Mumbai,Premium,25000,2021-11-26
C00017,Priya Iyer,Ahmedabad,Corporate,100000,2021-12-13
C00018,Pallavi Verma,Bengaluru,Retail,25000,2022-04-29
C00019,Pooja Mishra,Gurugram,Corporate,200000,2020-10-19
C00020,Nisha Tiwari,Kolkata,Retail,100000,2021-10-17
C00021,Vikram Mehta,Ahmedabad,Retail,50000,2020-06-09
C00022,Raj Tiwari,Noida,Retail,500000,2021-12-07
C00023,Deepak Gupta,Mumbai,Premium,200000,2021-02-08
C00024,Anjali Gupta,Gurugram,Retail,50000,2022-05-26
C00025,Rohit Kapoor,Ahmedabad,Retail,500000,2020-09-05
C00026,Swati Pandey,Chennai,Corporate,150000,2022-09-28
C00027,Ananya Mehta,Mumbai,Retail,75000,2022-04-24
C00028,Kavita Malhotra,Kolkata,Corporate,75000,2020-06-23
C00029,Vikram Mehta,Chennai,Corporate,200000,2020-06-09
C00030,Suresh Nair,Mumbai,Premium,500000,2020-03-05
C00031,Suresh Nair,Hyderabad,Retail,25000,2022-04-01
C00032,Ritika Sharma,Noida,Retail,25000,2020-03-16
C00033,Gaurav Rao,Delhi,Corporate,100000,2022-12-24
C00034,Gaurav Reddy,Mumbai,Premium,150000,2020-01-11
C00035,Ritika Srivastava,Kolkata,Retail,100000,2022-09-24
C00036,Anjali Patel,Pune,Premium,150000,2020-07-29
C00037,Suresh Mishra,Delhi,Corporate,75000,2020-04-17
C00038,Deepak Reddy,Gurugram,Retail,500000,2020-02-25
C00039,Mohit Tiwari,Mumbai,Premium,75000,2022-01-04
C00040,Sanjay Nair,Delhi,Retail,150000,2022-01-11
C00041,Suresh Reddy,Ahmedabad,Retail,100000,2022-04-14
C00042,Karan Pandey,Mumbai,Premium,500000,2022-06-03
C00043,Swati Shah,Chennai,Retail,25000,2020-10-30
C00044,Sneha Mehta,Kolkata,Corporate,500000,2021-03-13
C00045,Amit Malhotra,Bengaluru,Retail,200000,2020-03-05
C00046,Nisha Malhotra,Bengaluru,Retail,150000,2020-11-05
C00047,Pooja Reddy,Kolkata,Premium,150000,2020-08-27
C00048,Aarav Pandey,Pune,Premium,150000,2021-08-11
C00049,Arjun Sharma,Kolkata,Premium,500000,2021-06-20
C00050,Deepak Verma,Ahmedabad,Retail,100000,2020-10-09
C00051,Preeti Kapoor,Kolkata,Premium,25000,2021-01-29
C00052,Shruti Shah,Kolkata,Retail,100000,2021-05-09
C00053,Nikhil Reddy,Delhi,Corporate,50000,2020-06-18
C00054,Arun Mehta,Gurugram,Corporate,50000,2022-04-03
C00055,Ananya Mishra,Bengaluru,Retail,150000,2022-03-25
C00056,Meera Joshi,Pune,Retail,150000,2020-09-08
C00057,Ananya Nair,Delhi,Corporate,150000,2020-02-17
C00058,Ritika Kumar,Bengaluru,Corporate,500000,2021-04-29
C00059,Mohit Singh,Gurugram,Retail,25000,2021-03-30
C00060,Gaurav Verma,Kolkata,Corporate,25000,2021-10-13
C00061,Pooja Rao,Gurugram,Corporate,150000,2021-11-16
C00062,Priya Malhotra,Bengaluru,Retail,500000,2021-10-29
C00063,Nisha Kumar,Hyderabad,Premium,25000,2021-05-16
C00064,Rohit Reddy,Mumbai,Premium,500000,2021-01-24
C00065,Rahul Tiwari,Mumbai,Corporate,75000,2022-04-05
C00066,Anjali Joshi,Chennai,Retail,500000,2022-01-02
C00067,Vikram Srivastava,Ahmedabad,Corporate,150000,2020-03-06
C00068,Gaurav Mishra,Gurugram,Corporate,75000,2021-03-12
C00069,Raj Chauhan,Kolkata,Retail,100000,2022-05-10
C00070,Preeti Nair,Gurugram,Premium,75000,2021-01-10
C00071,Nikhil Gupta,Kolkata,Corporate,100000,2020-04-23
C00072,Arjun Shah,Hyderabad,Corporate,200000,2020-08-30
C00073,Pallavi Reddy,Hyderabad,Premium,100000,2020-01-04
C00074,Shruti Iyer,Ahmedabad,Retail,150000,2021-05-26
C00075,Pallavi Singh,Pune,Retail,150000,2020-08-19
C00076,Suresh Patel,Bengaluru,Retail,100000,2022-12-06
C00077,Vikram Mehta,Chennai,Retail,25000,2020-01-27
C00078,Swati Pandey,Hyderabad,Retail,50000,2022-05-28
C00079,Swati Srivastava,Delhi,Corporate,75000,2022-11-11
C00080,Nisha Patel,Mumbai,Corporate,100000,2020-11-12
C00081,Pallavi Pandey,Kolkata,Premium,50000,2022-03-10
C00082,Aarav Nair,Noida,Premium,150000,2022-09-15
C00083,Sunita Singh,Mumbai,Premium,150000,2022-09-08
C00084,Suresh Mishra,Hyderabad,Premium,200000,2021-11-18
C00085,Ritika Nair,Hyderabad,Retail,200000,2021-07-04
C00086,Deepak Pandey,Delhi,Retail,100000,2022-02-06
C00087,Nikhil Mishra,Delhi,Premium,25000,2021-05-25
C00088,Sneha Mehta,Noida,Corporate,100000,2021-08-06
C00089,Kavita Sharma,Mumbai,Retail,75000,2022-03-08
C00090,Ananya Srivastava,Ahmedabad,Retail,200000,2022-08-27
C00091,Rahul Kapoor,Noida,Corporate,50000,2021-05-07
C00092,Meera Patel,Mumbai,Corporate,25000,2021-11-10
C00093,Mohit Rao,Hyderabad,Corporate,200000,2022-10-27
C00094,Preeti Reddy,Mumbai,Corporate,100000,2020-12-28
C00095,Mohit Tiwari,Kolkata,Corporate,75000,2020-06-19
C00096,Sneha Kumar,Ahmedabad,Premium,75000,2022-06-06
C00097,Priya Verma,Hyderabad,Corporate,25000,2021-09-29
C00098,Pooja Shah,Gurugram,Retail,75000,2020-10-27
C00099,Sneha Singh,Hyderabad,Corporate,500000,2021-09-02
C00100,Meera Srivastava,Mumbai,Premium,500000,2020-02-20
C00101,Vikram Pandey,Bengaluru,Retail,75000,2021-05-22
C00102,Suresh Mishra,Gurugram,Corporate,75000,2022-09-27
C00103,Ritika Srivastava,Chennai,Corporate,75000,2020-11-11
C00104,Divya Malhotra,Hyderabad,Corporate,500000,2020-10-30
C00105,Shruti Kumar,Noida,Retail,100000,2020-08-31
C00106,Gaurav Tiwari,Pune,Corporate,500000,2021-04-01
C00107,Mohit Singh,Noida,Premium,200000,2022-09-13
C00108,Nikhil Shah,Noida,Premium,200000,2022-12-06
C00109,Ananya Tiwari,Pune,Corporate,25000,2021-08-05
C00110,Arjun Verma,Hyderabad,Retail,500000,2021-11-12
C00111,Sanjay Mishra,Chennai,Retail,50000,2020-07-08
C00112,Karan Rao,Bengaluru,Premium,50000,2021-09-27
C00113,Suresh Mehta,Gurugram,Premium,75000,2020-12-09
C00114,Swati Mishra,Hyderabad,Retail,200000,2021-11-25
C00115,Sneha Mishra,Kolkata,Retail,100000,2021-12-01
C00116,Sunita Mishra,Chennai,Premium,500000,2021-05-09
C00117,Priya Pandey,Chennai,Corporate,500000,2020-06-26
C00118,Arjun Joshi,Mumbai,Corporate,75000,2022-01-03
C00119,Sneha Rao,Gurugram,Retail,75000,2022-08-02
C00120,Rohit Joshi,Noida,Corporate,200000,2021-12-15
C00121,Mohit Kapoor,Bengaluru,Retail,100000,2022-01-11
C00122,Aarav Verma,Kolkata,Premium,150000,2020-02-14
C00123,Pallavi Iyer,Gurugram,Premium,200000,2022-05-02
C00124,Meera Kumar,Ahmedabad,Retail,25000,2020-11-20
C00125,Pallavi Malhotra,Mumbai,Premium,50000,2022-10-10
C00126,Karan Patel,Pune,Corporate,100000,2020-08-07
C00127,Nikhil Srivastava,Kolkata,Premium,50000,2021-06-09
C00128,Karan Malhotra,Gurugram,Premium,500000,2021-07-09
C00129,Karan Mehta,Pune,Corporate,100000,2022-04-10
C00130,Rahul Kumar,Kolkata,Corporate,200000,2022-02-06
C00131,Pallavi Kapoor,Kolkata,Retail,100000,2021-07-28
C00132,Aarav Nair,Bengaluru,Premium,500000,2022-12-21
C00133,Swati Kumar,Chennai,Retail,150000,2021-02-24
C00134,Vikram Srivastava,Kolkata,Retail,500000,2020-05-21
C00135,Arjun Gupta,Bengaluru,Corporate,75000,2022-02-18
C00136,Sneha Sharma,Gurugram,Retail,500000,2022-10-12
C00137,Vikram Sharma,Ahmedabad,Retail,25000,2022-02-21
C00138,Nisha Mehta,Hyderabad,Premium,150000,2021-03-12
C00139,Deepak Iyer,Hyderabad,Retail,500000,2022-09-19
C00140,Aarav Gupta,Chennai,Retail,50000,2021-04-25
C00141,Arjun Verma,Bengaluru,Retail,25000,2020-04-02
C00142,Vikram Tiwari,Ahmedabad,Premium,75000,2020-12-29
C00143,Raj Singh,Mumbai,Corporate,200000,2022-08-05
C00144,Shruti Patel,Gurugram,Premium,150000,2021-03-22
C00145,Kavita Rao,Kolkata,Corporate,100000,2020-01-21
C00146,Arun Mishra,Kolkata,Corporate,50000,2021-10-08
C00147,Raj Malhotra,Gurugram,Corporate,500000,2021-12-21
C00148,Sneha Rao,Gurugram,Premium,500000,2020-01-31
C00149,Raj Mehta,Bengaluru,Premium,150000,2022-08-15
C00150,Ananya Verma,Kolkata,Corporate,150000,2020-03-03
C00151,Shruti Chauhan,Hyderabad,Premium,25000,2022-02-09
C00152,Pooja Rao,Chennai,Retail,50000,2020-09-02
C00153,Mohit Sharma,Hyderabad,Corporate,50000,2020-09-27
C00154,Priya Shah,Pune,Corporate,500000,2022-06-27
C00155,Swati Pandey,Delhi,Corporate,50000,2021-01-16
C00156,Divya Singh,Ahmedabad,Corporate,500000,2021-10-05
C00157,Kavita Rao,Pune,Retail,25000,2021-10-22
C00158,Rohit Patel,Delhi,Premium,50000,2021-02-21
C00159,Rahul Kapoor,Gurugram,Retail,25000,2021-02-22
C00160,Vikram Patel,Hyderabad,Premium,100000,2020-12-24
C00161,Vikram Nair,Mumbai,Retail,25000,2021-05-10
C00162,Ananya Malhotra,Chennai,Corporate,75000,2021-10-11
C00163,Sunita Iyer,Kolkata,Retail,200000,2020-01-11
C00164,Amit Kapoor,Noida,Retail,50000,2020-05-04
C00165,Raj Reddy,Noida,Corporate,75000,2022-12-14
C00166,Suresh Chauhan,Mumbai,Premium,75000,2022-05-12
C00167,Ananya Tiwari,Delhi,Premium,500000,2021-01-23
C00168,Sneha Singh,Hyderabad,Corporate,100000,2020-07-03
C00169,Swati Srivastava,Noida,Corporate,150000,2021-08-27
C00170,Shruti Joshi,Gurugram,Corporate,100000,2021-08-20
C00171,Divya Rao,Hyderabad,Corporate,200000,2022-10-12
C00172,Gaurav Mehta,Ahmedabad,Corporate,25000,2021-03-15
C00173,Divya Iyer,Hyderabad,Retail,200000,2020-11-11
C00174,Nikhil Rao,Pune,Premium,25000,2022-05-14
C00175,Amit Tiwari,Chennai,Corporate,50000,2020-11-02
C00176,Shruti Singh,Mumbai,Premium,75000,2021-07-25
C00177,Rahul Tiwari,Hyderabad,Corporate,100000,2021-06-01
C00178,Rahul Nair,Hyderabad,Retail,150000,2022-11-12
C00179,Nisha Kumar,Delhi,Retail,100000,2020-02-08
C00180,Ritika Shah,Ahmedabad,Retail,50000,2020-11-25
C00181,Rohit Patel,Hyderabad,Retail,500000,2020-02-13
C00182,Nikhil Patel,Noida,Premium,100000,2020-02-25
C00183,Rohit Tiwari,Hyderabad,Retail,150000,2020-07-03
C00184,Sneha Mishra,Kolkata,Premium,150000,2020-04-10
C00185,Pallavi Kumar,Hyderabad,Corporate,75000,2022-10-04
C00186,Sunita Verma,Gurugram,Corporate,75000,2021-05-04
C00187,Deepak Srivastava,Pune,Retail,50000,2021-12-03
C00188,Sunita Iyer,Chennai,Premium,500000,2021-03-16
C00189,Ritika Singh,Kolkata,Corporate,75000,2020-02-14
C00190,Divya Mishra,Ahmedabad,Corporate,200000,2022-07-17
C00191,Swati Tiwari,Gurugram,Corporate,500000,2022-06-19
C00192,Swati Verma,Pune,Corporate,200000,2022-01-24
C00193,Pooja Kapoor,Chennai,Retail,25000,2020-01-05
C00194,Pooja Mishra,Chennai,Retail,75000,2022-12-17
C00195,Sneha Malhotra,Pune,Retail,25000,2022-08-20
C00196,Raj Joshi,Gurugram,Corporate,100000,2021-10-27
C00197,Vikram Shah,Ahmedabad,Retail,25000,2021-10-22
C00198,Meera Singh,Ahmedabad,Corporate,50000,2020-08-16
C00199,Nisha Srivastava,Delhi,Retail,500000,2022-06-03
C00200,Nisha Singh,Ahmedabad,Retail,150000,2021-11-06
C00201,Arun Nair,Pune,Premium,500000,2020-07-24
C00202,Deepak Mehta,Hyderabad,Premium,50000,2022-08-07
C00203,Pallavi Tiwari,Pune,Corporate,500000,2022-02-21
C00204,Swati Srivastava,Pune,Corporate,50000,2022-11-14
C00205,Arun Kapoor,Kolkata,Corporate,200000,2020-06-05
C00206,Ananya Srivastava,Mumbai,Premium,50000,2021-02-21
C00207,Aarav Kapoor,Noida,Retail,200000,2022-10-16
C00208,Preeti Nair,Hyderabad,Premium,50000,2022-07-06
C00209,Aarav Gupta,Bengaluru,Retail,75000,2022-08-04
C00210,Arjun Reddy,Mumbai,Corporate,200000,2022-09-12
C00211,Preeti Iyer,Chennai,Premium,100000,2022-01-02
C00212,Nisha Sharma,Gurugram,Corporate,150000,2021-08-04
C00213,Anjali Kumar,Noida,Retail,25000,2022-08-10
C00214,Deepak Pandey,Noida,Retail,500000,2021-09-22
C00215,Rohit Kumar,Kolkata,Premium,500000,2021-07-21
C00216,Shruti Sharma,Chennai,Premium,500000,2020-09-19
C00217,Rohit Chauhan,Bengaluru,Premium,200000,2020-10-29
C00218,Karan Pandey,Hyderabad,Corporate,25000,2020-06-22
C00219,Divya Rao,Pune,Retail,100000,2020-09-25
C00220,Rahul Gupta,Hyderabad,Premium,50000,2020-07-29
C00221,Nisha Reddy,Kolkata,Corporate,200000,2021-03-25
C00222,Shruti Iyer,Noida,Corporate,50000,2022-11-28
C00223,Arun Malhotra,Hyderabad,Corporate,150000,2020-10-26
C00224,Ananya Patel,Ahmedabad,Retail,500000,2022-05-04
C00225,Gaurav Verma,Gurugram,Premium,25000,2020-01-02
C00226,Vikram Gupta,Pune,Premium,50000,2022-12-20
C00227,Arun Kapoor,Chennai,Corporate,75000,2022-08-25
C00228,Priya Patel,Ahmedabad,Premium,150000,2022-09-30
C00229,Arjun Rao,Ahmedabad,Retail,500000,2022-08-06
C00230,Ritika Tiwari,Ahmedabad,Premium,75000,2020-12-30
C00231,Kavita Kapoor,Bengaluru,Corporate,200000,2020-03-08
C00232,Suresh Tiwari,Pune,Retail,200000,2022-05-29
C00233,Arjun Joshi,Bengaluru,Premium,200000,2021-05-18
C00234,Arun Chauhan,Bengaluru,Retail,75000,2021-04-24
C00235,Sneha Mishra,Gurugram,Premium,100000,2022-07-08
C00236,Divya Singh,Ahmedabad,Retail,100000,2021-06-04
C00237,Pooja Malhotra,Bengaluru,Corporate,500000,2020-07-19
C00238,Kavita Chauhan,Gurugram,Corporate,75000,2020-11-11
C00239,Ritika Reddy,Mumbai,Corporate,100000,2020-10-14
C00240,Priya Mehta,Gurugram,Retail,75000,2022-10-30
C00241,Amit Kapoor,Mumbai,Retail,50000,2020-05-06
C00242,Priya Sharma,Delhi,Corporate,100000,2022-02-15
C00243,Karan Reddy,Mumbai,Corporate,75000,2020-01-05
C00244,Karan Kumar,Mumbai,Retail,200000,2021-10-08
C00245,Arun Nair,Kolkata,Retail,150000,2022-03-28
C00246,Pooja Iyer,Bengaluru,Retail,500000,2020-10-23
C00247,Sneha Sharma,Hyderabad,Retail,150000,2021-05-07
C00248,Kavita Tiwari,Delhi,Retail,100000,2022-03-12
C00249,Anjali Kumar,Bengaluru,Premium,150000,2021-05-01
C00250,Amit Srivastava,Mumbai,Premium,25000,2020-11-28
C00251,Sanjay Mehta,Hyderabad,Premium,25000,2022-12-10
C00252,Raj Srivastava,Gurugram,Retail,150000,2022-03-18
C00253,Nikhil Mishra,Ahmedabad,Retail,200000,2022-04-24
C00254,Rohit Pandey,Pune,Retail,500000,2022-10-08
C00255,Swati Verma,Mumbai,Corporate,500000,2022-12-22
C00256,Divya Sharma,Noida,Corporate,75000,2020-10-16
C00257,Suresh Patel,Noida,Corporate,150000,2022-07-11
C00258,Swati Iyer,Ahmedabad,Corporate,200000,2021-04-17
C00259,Deepak Tiwari,Ahmedabad,Premium,150000,2021-10-28
C00260,Deepak Pandey,Mumbai,Retail,150000,2021-01-27
C00261,Sanjay Tiwari,Mumbai,Premium,75000,2021-10-25
C00262,Pooja Singh,Gurugram,Retail,75000,2020-09-08
C00263,Amit Sharma,Gurugram,Premium,200000,2020-02-17
C00264,Rahul Gupta,Kolkata,Corporate,25000,2022-03-16
C00265,Pallavi Kapoor,Mumbai,Premium,100000,2022-02-06
C00266,Suresh Mishra,Mumbai,Premium,25000,2021-12-21
C00267,Rohit Tiwari,Gurugram,Retail,75000,2021-10-06
C00268,Swati Singh,Chennai,Corporate,75000,2021-08-02
C00269,Meera Tiwari,Gurugram,Premium,200000,2021-11-30
C00270,Deepak Pandey,Chennai,Retail,75000,2022-05-12
C00271,Raj Patel,Mumbai,Corporate,500000,2021-12-26
C00272,Amit Reddy,Gurugram,Corporate,75000,2022-09-12
C00273,Shruti Iyer,Kolkata,Retail,75000,2020-06-01
C00274,Meera Iyer,Bengaluru,Retail,200000,2022-08-05
C00275,Arun Gupta,Delhi,Retail,200000,2021-05-16
C00276,Rohit Chauhan,Delhi,Corporate,200000,2022-08-17
C00277,Mohit Singh,Gurugram,Retail,75000,2021-08-06
C00278,Raj Chauhan,Bengaluru,Premium,50000,2022-06-14
C00279,Karan Mishra,Hyderabad,Retail,50000,2021-11-23
C00280,Nisha Kumar,Hyderabad,Premium,150000,2020-04-09
C00281,Meera Singh,Noida,Premium,500000,2021-02-23
C00282,Vikram Nair,Gurugram,Premium,50000,2020-12-31
C00283,Karan Gupta,Chennai,Premium,25000,2022-04-14
C00284,Ananya Kumar,Pune,Retail,500000,2021-09-08
C00285,Arun Patel,Chennai,Corporate,500000,2022-06-11
C00286,Anjali Shah,Kolkata,Premium,500000,2021-05-28
C00287,Suresh Malhotra,Delhi,Retail,500000,2022-08-12
C00288,Arun Malhotra,Pune,Premium,150000,2021-12-01
C00289,Suresh Malhotra,Kolkata,Retail,100000,2021-03-22
C00290,Mohit Kapoor,Ahmedabad,Premium,200000,2020-04-11
C00291,Rahul Iyer,Noida,Corporate,75000,2020-06-23
C00292,Vikram Rao,Hyderabad,Premium,200000,2021-02-28
C00293,Rohit Shah,Hyderabad,Corporate,50000,2021-04-15
C00294,Suresh Reddy,Chennai,Corporate,200000,2022-02-23
C00295,Pallavi Nair,Delhi,Retail,25000,2020-12-16
C00296,Deepak Verma,Mumbai,Premium,200000,2021-03-25
C00297,Nisha Chauhan,Delhi,Premium,100000,2020-08-07
C00298,Rohit Reddy,Kolkata,Corporate,75000,2022-01-21
C00299,Suresh Rao,Kolkata,Premium,75000,2022-12-23
C00300,Priya Verma,Kolkata,Retail,100000,2021-03-31
C00301,Nisha Reddy,Gurugram,Corporate,100000,2021-08-15
C00302,Rohit Patel,Ahmedabad,Corporate,100000,2021-10-05
C00303,Ananya Kapoor,Mumbai,Retail,200000,2020-07-22
C00304,Raj Pandey,Mumbai,Retail,25000,2021-06-14
C00305,Suresh Malhotra,Bengaluru,Retail,150000,2020-12-26
C00306,Sunita Verma,Delhi,Premium,200000,2022-04-01
C00307,Suresh Malhotra,Ahmedabad,Retail,150000,2021-02-21
C00308,Mohit Joshi,Kolkata,Retail,500000,2020-04-24
C00309,Rahul Kapoor,Pune,Corporate,50000,2020-05-29
C00310,Kavita Chauhan,Noida,Premium,75000,2020-07-03
C00311,Vikram Verma,Delhi,Corporate,200000,2020-12-28
C00312,Suresh Singh,Gurugram,Corporate,200000,2021-04-16
C00313,Pallavi Iyer,Mumbai,Retail,50000,2020-04-09
C00314,Sanjay Patel,Hyderabad,Premium,200000,2022-05-24
C00315,Raj Gupta,Hyderabad,Retail,150000,2022-01-07
C00316,Priya Mehta,Noida,Corporate,200000,2022-07-18
C00317,Sanjay Rao,Ahmedabad,Premium,500000,2021-06-06
C00318,Suresh Chauhan,Chennai,Corporate,100000,2022-03-21
C00319,Raj Kapoor,Mumbai,Corporate,200000,2021-11-25
C00320,Anjali Mishra,Delhi,Premium,75000,2021-07-11
C00321,Nisha Reddy,Chennai,Retail,150000,2022-07-29
C00322,Amit Tiwari,Gurugram,Retail,75000,2022-07-31
C00323,Arun Iyer,Noida,Corporate,500000,2022-11-24
C00324,Ritika Kapoor,Mumbai,Retail,50000,2020-02-28
C00325,Priya Iyer,Bengaluru,Premium,500000,2022-10-30
C00326,Rohit Iyer,Pune,Premium,200000,2020-09-24
C00327,Sneha Srivastava,Mumbai,Retail,150000,2021-10-23
C00328,Ritika Pandey,Hyderabad,Retail,50000,2022-10-18
C00329,Pooja Nair,Noida,Corporate,75000,2021-07-17
C00330,Shruti Kapoor,Bengaluru,Premium,25000,2020-05-10
C00331,Swati Kumar,Kolkata,Retail,100000,2022-03-03
C00332,Rahul Patel,Delhi,Retail,50000,2020-12-13
C00333,Deepak Kumar,Chennai,Retail,200000,2020-10-20
C00334,Preeti Mishra,Bengaluru,Corporate,75000,2021-10-01
C00335,Pooja Pandey,Noida,Premium,200000,2021-05-16
C00336,Vikram Kapoor,Hyderabad,Corporate,500000,2022-04-02
C00337,Sanjay Patel,Noida,Premium,150000,2020-05-25
C00338,Pooja Srivastava,Kolkata,Premium,500000,2020-03-11
C00339,Amit Iyer,Gurugram,Corporate,50000,2020-02-21
C00340,Nikhil Kumar,Pune,Retail,200000,2022-06-30
C00341,Ritika Chauhan,Kolkata,Corporate,75000,2020-10-11
C00342,Rohit Tiwari,Bengaluru,Retail,200000,2020-12-17
C00343,Raj Mishra,Delhi,Corporate,25000,2020-03-09
C00344,Aarav Mishra,Gurugram,Retail,50000,2022-12-11
C00345,Pooja Gupta,Pune,Corporate,75000,2021-08-30
C00346,Karan Iyer,Mumbai,Premium,50000,2022-01-27
C00347,Arun Shah,Delhi,Retail,200000,2020-02-14
C00348,Karan Mehta,Kolkata,Corporate,500000,2022-03-20
C00349,Vikram Kumar,Hyderabad,Corporate,75000,2020-07-02
C00350,Rohit Reddy,Delhi,Retail,100000,2022-02-09
C00351,Swati Singh,Pune,Premium,500000,2021-12-31
C00352,Raj Srivastava,Noida,Corporate,75000,2022-03-08
C00353,Nikhil Chauhan,Noida,Retail,75000,2020-04-16
C00354,Priya Iyer,Noida,Retail,75000,2020-12-28
C00355,Gaurav Kapoor,Kolkata,Premium,150000,2022-10-11
C00356,Vikram Kapoor,Pune,Premium,75000,2021-10-10
C00357,Amit Kumar,Mumbai,Premium,100000,2020-04-08
C00358,Anjali Gupta,Chennai,Premium,500000,2021-09-14
C00359,Nikhil Kapoor,Ahmedabad,Corporate,25000,2022-08-26
C00360,Pallavi Gupta,Ahmedabad,Corporate,100000,2021-07-09
C00361,Shruti Rao,Hyderabad,Premium,25000,2020-12-06
C00362,Priya Tiwari,Pune,Premium,500000,2021-09-09
C00363,Nisha Mehta,Gurugram,Premium,200000,2022-10-06
C00364,Suresh Kapoor,Kolkata,Premium,150000,2021-11-04
C00365,Pooja Rao,Kolkata,Retail,150000,2020-02-06
C00366,Meera Srivastava,Bengaluru,Retail,150000,2020-12-23
C00367,Meera Reddy,Noida,Retail,25000,2020-10-29
C00368,Pallavi Shah,Kolkata,Retail,100000,2020-05-15
C00369,Gaurav Joshi,Delhi,Corporate,50000,2020-06-14
C00370,Nisha Malhotra,Noida,Retail,150000,2022-09-28
C00371,Suresh Rao,Chennai,Retail,25000,2022-10-12
C00372,Arun Reddy,Hyderabad,Retail,500000,2021-03-09
C00373,Arun Pandey,Delhi,Retail,200000,2022-06-04
C00374,Raj Chauhan,Delhi,Premium,100000,2020-01-30
C00375,Divya Gupta,Chennai,Premium,150000,2021-06-20
C00376,Nikhil Joshi,Bengaluru,Premium,75000,2021-07-11
C00377,Pallavi Kapoor,Kolkata,Premium,100000,2022-01-10
C00378,Vikram Nair,Bengaluru,Retail,25000,2020-11-21
C00379,Priya Shah,Kolkata,Corporate,500000,2020-11-17
C00380,Swati Mishra,Pune,Premium,500000,2020-12-14
C00381,Sunita Singh,Pune,Retail,50000,2022-07-26
C00382,Sanjay Chauhan,Delhi,Premium,50000,2020-02-08
C00383,Swati Singh,Delhi,Premium,50000,2021-08-04
C00384,Pooja Patel,Mumbai,Premium,75000,2020-11-22
C00385,Arun Gupta,Chennai,Premium,100000,2021-10-02
C00386,Arjun Rao,Ahmedabad,Retail,150000,2020-02-09
C00387,Gaurav Chauhan,Pune,Retail,100000,2020-09-22
C00388,Vikram Tiwari,Chennai,Retail,50000,2021-01-09
C00389,Rohit Mehta,Delhi,Corporate,75000,2021-01-25
C00390,Nikhil Rao,Bengaluru,Premium,500000,2020-04-09
C00391,Gaurav Mishra,Delhi,Corporate,200000,2020-04-19
C00392,Preeti Sharma,Bengaluru,Corporate,50000,2022-12-19
C00393,Divya Verma,Kolkata,Corporate,500000,2020-03-10
C00394,Amit Chauhan,Ahmedabad,Retail,25000,2022-03-23
C00395,Nisha Mehta,Gurugram,Retail,100000,2020-07-15
C00396,Amit Patel,Gurugram,Premium,75000,2022-01-27
C00397,Nisha Mehta,Gurugram,Retail,200000,2021-09-17
C00398,Aarav Iyer,Kolkata,Retail,50000,2022-07-28
C00399,Preeti Singh,Delhi,Corporate,75000,2020-02-13
C00400,Nikhil Iyer,Mumbai,Retail,200000,2021-06-05
C00401,Pallavi Kumar,Delhi,Premium,25000,2021-10-25
C00402,Vikram Verma,Pune,Premium,25000,2022-02-28
C00403,Pooja Shah,Gurugram,Corporate,100000,2021-12-15
C00404,Sanjay Kumar,Delhi,Retail,75000,2022-02-13
C00405,Arun Shah,Noida,Corporate,50000,2020-12-21
C00406,Suresh Kapoor,Noida,Premium,500000,2022-05-04
C00407,Aarav Patel,Pune,Premium,500000,2021-09-17
C00408,Aarav Nair,Kolkata,Retail,50000,2020-09-04
C00409,Karan Kumar,Mumbai,Retail,150000,2021-02-24
C00410,Sunita Kapoor,Chennai,Premium,500000,2022-05-14
C00411,Raj Tiwari,Kolkata,Premium,50000,2020-04-20
C00412,Sneha Reddy,Kolkata,Corporate,100000,2020-04-26
C00413,Meera Reddy,Delhi,Corporate,500000,2020-04-25
C00414,Sneha Verma,Gurugram,Corporate,500000,2021-10-27
C00415,Meera Tiwari,Hyderabad,Retail,500000,2022-02-05
C00416,Mohit Kapoor,Noida,Retail,25000,2020-09-12
C00417,Suresh Patel,Gurugram,Premium,50000,2022-11-17
C00418,Sneha Shah,Bengaluru,Retail,150000,2021-08-20
C00419,Ananya Srivastava,Kolkata,Retail,100000,2022-10-05
C00420,Aarav Chauhan,Bengaluru,Retail,200000,2022-04-15
C00421,Deepak Mehta,Bengaluru,Retail,100000,2022-02-06
C00422,Sanjay Kumar,Chennai,Retail,100000,2022-04-01
C00423,Pooja Tiwari,Chennai,Retail,100000,2020-02-17
C00424,Aarav Kapoor,Chennai,Retail,100000,2022-10-13
C00425,Nisha Mehta,Ahmedabad,Retail,100000,2022-03-07
C00426,Deepak Tiwari,Bengaluru,Premium,25000,2022-09-09
C00427,Anjali Patel,Delhi,Premium,25000,2022-01-26
C00428,Raj Mishra,Bengaluru,Corporate,150000,2021-07-22
C00429,Rohit Chauhan,Kolkata,Corporate,50000,2021-12-29
C00430,Sunita Chauhan,Chennai,Corporate,200000,2020-02-08
C00431,Pallavi Chauhan,Kolkata,Retail,75000,2020-09-23
C00432,Sunita Sharma,Chennai,Corporate,25000,2022-11-24
C00433,Amit Shah,Ahmedabad,Corporate,75000,2021-05-31
C00434,Priya Pandey,Delhi,Premium,500000,2022-07-10
C00435,Nisha Nair,Pune,Retail,500000,2021-10-15
C00436,Shruti Sharma,Chennai,Retail,150000,2020-06-26
C00437,Nisha Patel,Hyderabad,Retail,50000,2020-05-11
C00438,Nisha Mehta,Ahmedabad,Retail,25000,2020-04-20
C00439,Shruti Singh,Noida,Corporate,200000,2022-01-17
C00440,Arun Malhotra,Noida,Premium,25000,2021-10-09
C00441,Shruti Iyer,Hyderabad,Retail,200000,2020-09-12
C00442,Vikram Verma,Ahmedabad,Retail,200000,2022-03-15
C00443,Nisha Srivastava,Delhi,Premium,50000,2021-12-25
C00444,Rahul Gupta,Bengaluru,Retail,50000,2020-02-20
C00445,Nikhil Rao,Chennai,Retail,200000,2021-07-09
C00446,Sanjay Shah,Mumbai,Premium,75000,2022-01-23
C00447,Mohit Gupta,Kolkata,Retail,75000,2021-01-30
C00448,Pallavi Kumar,Pune,Retail,50000,2020-06-17
C00449,Rohit Rao,Noida,Corporate,25000,2022-08-14
C00450,Priya Reddy,Kolkata,Premium,100000,2021-09-18
C00451,Karan Verma,Pune,Corporate,150000,2020-11-18
C00452,Pallavi Joshi,Ahmedabad,Premium,150000,2020-11-03
C00453,Gaurav Verma,Pune,Premium,75000,2022-04-06
C00454,Rahul Reddy,Kolkata,Retail,50000,2022-05-24
C00455,Raj Pandey,Noida,Premium,25000,2022-11-29
C00456,Nikhil Srivastava,Bengaluru,Corporate,500000,2021-11-13
C00457,Kavita Nair,Chennai,Premium,25000,2020-01-27
C00458,Priya Joshi,Pune,Retail,75000,2020-03-05
C00459,Pooja Mishra,Noida,Premium,75000,2020-08-25
C00460,Swati Verma,Hyderabad,Retail,100000,2022-03-01
C00461,Swati Iyer,Ahmedabad,Retail,200000,2022-06-18
C00462,Arjun Singh,Pune,Premium,150000,2022-01-03
C00463,Pallavi Mishra,Bengaluru,Premium,150000,2020-05-02
C00464,Divya Pandey,Kolkata,Premium,150000,2022-10-14
C00465,Shruti Rao,Pune,Retail,75000,2020-01-09
C00466,Gaurav Pandey,Chennai,Retail,100000,2020-03-07
C00467,Rahul Gupta,Ahmedabad,Corporate,200000,2022-05-06
C00468,Kavita Shah,Noida,Corporate,50000,2022-06-25
C00469,Nisha Chauhan,Hyderabad,Corporate,75000,2020-04-19
C00470,Arjun Patel,Pune,Retail,100000,2022-04-10
C00471,Shruti Tiwari,Kolkata,Corporate,75000,2022-12-30
C00472,Rohit Tiwari,Chennai,Premium,500000,2020-08-01
C00473,Ananya Gupta,Kolkata,Premium,50000,2020-01-28
C00474,Sunita Reddy,Pune,Premium,50000,2020-08-23
C00475,Rahul Singh,Delhi,Corporate,500000,2020-12-04
C00476,Rohit Iyer,Noida,Premium,100000,2022-10-05
C00477,Ritika Reddy,Hyderabad,Retail,25000,2020-01-12
C00478,Pooja Rao,Noida,Retail,50000,2020-08-06
C00479,Ananya Tiwari,Gurugram,Premium,50000,2021-09-19
C00480,Anjali Rao,Bengaluru,Premium,200000,2020-04-19
C00481,Nisha Rao,Gurugram,Retail,50000,2020-11-12
C00482,Priya Mishra,Mumbai,Premium,50000,2021-01-14
C00483,Ananya Tiwari,Ahmedabad,Retail,200000,2022-06-15
C00484,Arjun Verma,Hyderabad,Corporate,25000,2020-08-13
C00485,Rohit Pandey,Ahmedabad,Corporate,150000,2022-04-02
C00486,Nisha Chauhan,Chennai,Retail,150000,2021-07-29
C00487,Pallavi Gupta,Delhi,Corporate,50000,2020-04-29
C00488,Aarav Kumar,Kolkata,Corporate,25000,2021-09-12
C00489,Swati Kapoor,Ahmedabad,Retail,75000,2022-07-14
C00490,Ritika Rao,Bengaluru,Premium,200000,2021-05-31
C00491,Priya Kumar,Chennai,Corporate,200000,2020-09-17
C00492,Rohit Mehta,Hyderabad,Premium,500000,2021-07-23
C00493,Arun Mishra,Chennai,Premium,25000,2021-12-10
C00494,Nisha Pandey,Bengaluru,Corporate,100000,2022-12-21
C00495,Deepak Verma,Kolkata,Premium,200000,2022-12-18
C00496,Ananya Kumar,Kolkata,Premium,75000,2020-01-27
C00497,Ritika Rao,Delhi,Corporate,500000,2022-05-05
C00498,Nisha Mishra,Ahmedabad,Corporate,150000,2020-02-02
C00499,Suresh Patel,Noida,Premium,150000,2022-12-18
C00500,Deepak Kumar,Ahmedabad,Premium,25000,2020-11-24
C00501,Raj Mishra,Noida,Premium,150000,2021-11-07
C00502,Amit Iyer,Kolkata,Retail,25000,2021-03-26
C00503,Mohit Nair,Gurugram,Retail,200000,2020-09-16
C00504,Meera Singh,Gurugram,Premium,25000,2020-12-21
C00505,Aarav Gupta,Kolkata,Corporate,200000,2022-05-28
C00506,Kavita Chauhan,Gurugram,Retail,500000,2022-02-19
C00507,Amit Srivastava,Mumbai,Retail,25000,2020-08-12
C00508,Sneha Nair,Pune,Premium,25000,2021-07-31
C00509,Arun Nair,Gurugram,Retail,200000,2021-07-15
C00510,Sanjay Rao,Noida,Premium,25000,2020-08-17
C00511,Karan Kapoor,Delhi,Corporate,100000,2020-12-14
C00512,Pooja Shah,Delhi,Premium,100000,2021-06-16
C00513,Karan Singh,Hyderabad,Corporate,100000,2020-10-10
C00514,Vikram Patel,Pune,Retail,25000,2021-11-10
C00515,Suresh Gupta,Bengaluru,Retail,150000,2020-09-07
C00516,Gaurav Rao,Noida,Retail,75000,2020-04-18
C00517,Rohit Iyer,Mumbai,Retail,100000,2021-12-31
C00518,Ritika Mishra,Noida,Corporate,200000,2020-12-04
C00519,Sanjay Patel,Kolkata,Retail,50000,2020-04-16
C00520,Sunita Srivastava,Pune,Premium,50000,2021-07-31
C00521,Pooja Reddy,Kolkata,Corporate,200000,2021-04-13
C00522,Swati Gupta,Delhi,Corporate,200000,2021-01-26
C00523,Sanjay Gupta,Mumbai,Retail,200000,2020-10-08
C00524,Pallavi Mishra,Delhi,Retail,25000,2022-03-25
C00525,Raj Mehta,Chennai,Corporate,75000,2022-05-03
C00526,Sneha Joshi,Hyderabad,Premium,100000,2021-09-18
C00527,Pallavi Kumar,Gurugram,Premium,200000,2020-07-01
C00528,Meera Shah,Gurugram,Retail,25000,2022-02-04
C00529,Aarav Mishra,Gurugram,Retail,200000,2022-06-10
C00530,Sunita Malhotra,Noida,Retail,150000,2021-10-19
C00531,Nisha Rao,Noida,Corporate,75000,2020-02-25
C00532,Pallavi Srivastava,Hyderabad,Premium,150000,2020-10-03
C00533,Vikram Kapoor,Ahmedabad,Corporate,150000,2021-02-07
C00534,Gaurav Patel,Pune,Corporate,200000,2022-09-17
C00535,Rohit Reddy,Kolkata,Premium,50000,2022-02-06
C00536,Amit Shah,Ahmedabad,Corporate,100000,2020-10-27
C00537,Raj Tiwari,Noida,Retail,500000,2022-12-22
C00538,Arun Tiwari,Gurugram,Corporate,25000,2022-06-29
C00539,Nikhil Malhotra,Bengaluru,Corporate,150000,2022-03-10
C00540,Rohit Kumar,Pune,Premium,200000,2020-05-11
C00541,Rahul Patel,Mumbai,Corporate,150000,2020-07-24
C00542,Suresh Rao,Ahmedabad,Corporate,25000,2022-07-05
C00543,Ritika Chauhan,Delhi,Retail,75000,2022-08-23
C00544,Nisha Kumar,Chennai,Corporate,25000,2021-07-12
C00545,Gaurav Srivastava,Kolkata,Retail,500000,2021-10-04
C00546,Mohit Malhotra,Delhi,Premium,25000,2020-12-03
C00547,Anjali Kumar,Delhi,Corporate,100000,2022-07-22
C00548,Divya Chauhan,Bengaluru,Premium,50000,2022-10-16
C00549,Preeti Verma,Pune,Retail,150000,2020-11-05
C00550,Nikhil Singh,Chennai,Premium,50000,2020-10-03
C00551,Raj Kumar,Pune,Retail,500000,2020-01-30
C00552,Pooja Gupta,Ahmedabad,Retail,75000,2021-05-25
C00553,Anjali Iyer,Hyderabad,Retail,500000,2022-09-06
C00554,Preeti Mehta,Gurugram,Retail,150000,2022-01-08
C00555,Nisha Chauhan,Ahmedabad,Corporate,50000,2020-03-25
C00556,Gaurav Reddy,Pune,Retail,75000,2020-07-16
C00557,Swati Patel,Ahmedabad,Retail,200000,2022-12-11
C00558,Arjun Joshi,Delhi,Corporate,100000,2021-11-14
C00559,Mohit Srivastava,Ahmedabad,Premium,75000,2020-02-05
C00560,Arjun Kumar,Ahmedabad,Retail,50000,2021-05-26
C00561,Mohit Reddy,Pune,Premium,25000,2021-11-29
C00562,Ananya Srivastava,Delhi,Corporate,150000,2022-10-25
C00563,Rohit Chauhan,Chennai,Retail,100000,2020-02-21
C00564,Mohit Gupta,Mumbai,Retail,50000,2020-02-10
C00565,Deepak Malhotra,Delhi,Premium,200000,2021-09-14
C00566,Vikram Gupta,Mumbai,Corporate,100000,2022-01-19
C00567,Ritika Kapoor,Pune,Retail,75000,2022-10-20
C00568,Shruti Kapoor,Delhi,Premium,50000,2020-12-26
C00569,Rahul Malhotra,Bengaluru,Retail,25000,2021-08-30
C00570,Priya Sharma,Hyderabad,Retail,25000,2023-01-01
C00571,Rohit Verma,Gurugram,Retail,200000,2022-02-13
C00572,Mohit Malhotra,Bengaluru,Corporate,25000,2022-07-08
C00573,Arjun Joshi,Gurugram,Corporate,25000,2021-06-15
C00574,Arun Malhotra,Bengaluru,Retail,500000,2020-10-05
C00575,Divya Kapoor,Pune,Retail,150000,2021-01-08
C00576,Mohit Sharma,Gurugram,Corporate,200000,2020-10-14
C00577,Kavita Srivastava,Kolkata,Premium,100000,2020-09-23
C00578,Pooja Reddy,Ahmedabad,Retail,50000,2021-11-17
C00579,Kavita Mehta,Hyderabad,Premium,25000,2020-02-06
C00580,Pallavi Pandey,Kolkata,Corporate,500000,2022-12-01
C00581,Pooja Rao,Bengaluru,Corporate,150000,2022-08-14
C00582,Rohit Verma,Bengaluru,Premium,25000,2022-07-01
C00583,Anjali Rao,Kolkata,Corporate,200000,2021-05-29
C00584,Divya Shah,Kolkata,Retail,200000,2021-01-19
C00585,Suresh Joshi,Mumbai,Premium,25000,2021-01-20
C00586,Rahul Kapoor,Noida,Premium,75000,2021-06-14
C00587,Vikram Iyer,Hyderabad,Premium,200000,2021-09-25
C00588,Swati Iyer,Ahmedabad,Retail,50000,2021-11-29
C00589,Shruti Mishra,Noida,Retail,100000,2020-06-14
C00590,Amit Kumar,Kolkata,Corporate,75000,2020-09-26
C00591,Arun Mishra,Kolkata,Premium,75000,2022-12-23
C00592,Raj Srivastava,Mumbai,Corporate,100000,2021-07-16
C00593,Sneha Iyer,Hyderabad,Premium,25000,2022-01-08
C00594,Meera Rao,Hyderabad,Corporate,25000,2020-09-20
C00595,Sneha Nair,Chennai,Premium,500000,2020-03-01
C00596,Suresh Mehta,Delhi,Retail,50000,2022-05-28
C00597,Vikram Singh,Noida,Corporate,500000,2022-08-06
C00598,Priya Reddy,Delhi,Corporate,25000,2020-03-07
C00599,Amit Kapoor,Gurugram,Corporate,500000,2021-05-09
C00600,Divya Mehta,Bengaluru,Corporate,75000,2021-02-04
C00601,Swati Gupta,Pune,Premium,75000,2022-05-07
C00602,Nikhil Iyer,Pune,Retail,500000,2020-02-15
C00603,Preeti Malhotra,Hyderabad,Corporate,200000,2021-07-23
C00604,Shruti Iyer,Ahmedabad,Corporate,75000,2021-08-07
C00605,Karan Gupta,Delhi,Retail,100000,2020-07-09
C00606,Kavita Chauhan,Chennai,Premium,200000,2020-11-20
C00607,Suresh Shah,Ahmedabad,Premium,25000,2020-04-16
C00608,Gaurav Reddy,Gurugram,Corporate,25000,2021-08-21
C00609,Kavita Sharma,Pune,Corporate,500000,2021-02-05
C00610,Rohit Pandey,Noida,Premium,500000,2020-06-06
C00611,Raj Rao,Kolkata,Retail,25000,2020-06-02
C00612,Meera Joshi,Noida,Retail,25000,2022-11-06
C00613,Deepak Mishra,Kolkata,Corporate,500000,2020-04-19
C00614,Priya Verma,Noida,Retail,50000,2022-05-08
C00615,Pooja Shah,Delhi,Corporate,200000,2021-07-22
C00616,Ananya Shah,Pune,Corporate,200000,2022-08-16
C00617,Pooja Srivastava,Pune,Premium,50000,2020-11-09
C00618,Aarav Singh,Ahmedabad,Corporate,75000,2021-10-07
C00619,Divya Kumar,Noida,Retail,75000,2021-09-18
C00620,Gaurav Nair,Bengaluru,Retail,100000,2021-03-26
C00621,Shruti Mishra,Chennai,Corporate,150000,2020-09-09
C00622,Arun Pandey,Noida,Premium,75000,2021-01-08
C00623,Nisha Verma,Noida,Corporate,200000,2020-02-09
C00624,Amit Verma,Delhi,Retail,25000,2022-12-13
C00625,Deepak Srivastava,Bengaluru,Corporate,75000,2021-07-11
C00626,Karan Mishra,Pune,Corporate,500000,2021-08-11
C00627,Sunita Reddy,Delhi,Retail,75000,2021-05-23
C00628,Rohit Pandey,Hyderabad,Premium,50000,2022-06-25
C00629,Raj Rao,Chennai,Retail,25000,2020-10-06
C00630,Arun Srivastava,Delhi,Premium,100000,2021-01-31
C00631,Arjun Kapoor,Bengaluru,Corporate,100000,2022-07-30
C00632,Ritika Kapoor,Pune,Retail,100000,2022-01-01
C00633,Sneha Kumar,Bengaluru,Retail,75000,2020-05-01
C00634,Sneha Pandey,Gurugram,Premium,500000,2021-03-30
C00635,Nisha Iyer,Kolkata,Premium,100000,2021-01-07
C00636,Sunita Mishra,Kolkata,Retail,200000,2021-10-11
C00637,Arun Kumar,Noida,Corporate,500000,2021-06-29
C00638,Karan Kapoor,Bengaluru,Retail,100000,2021-12-23
C00639,Raj Pandey,Noida,Corporate,500000,2021-12-08
C00640,Raj Verma,Kolkata,Corporate,100000,2020-03-16
C00641,Priya Verma,Kolkata,Corporate,200000,2021-11-19
C00642,Vikram Iyer,Bengaluru,Corporate,500000,2021-09-08
C00643,Pallavi Shah,Ahmedabad,Premium,50000,2021-08-24
C00644,Raj Rao,Gurugram,Premium,25000,2021-07-07
C00645,Vikram Kapoor,Bengaluru,Retail,50000,2021-11-04
C00646,Gaurav Chauhan,Gurugram,Premium,200000,2021-09-19
C00647,Vikram Iyer,Bengaluru,Retail,200000,2021-11-12
C00648,Preeti Kapoor,Ahmedabad,Retail,25000,2021-08-08
C00649,Rahul Gupta,Chennai,Corporate,500000,2021-01-02
C00650,Amit Kapoor,Bengaluru,Retail,50000,2022-02-16
C00651,Shruti Reddy,Bengaluru,Premium,25000,2022-05-28
C00652,Deepak Iyer,Pune,Premium,100000,2022-05-01
C00653,Raj Chauhan,Ahmedabad,Retail,150000,2022-07-25
C00654,Sunita Shah,Noida,Corporate,100000,2020-03-29
C00655,Sanjay Malhotra,Mumbai,Retail,500000,2022-12-19
C00656,Pooja Shah,Pune,Retail,150000,2022-10-07
C00657,Nikhil Sharma,Mumbai,Premium,200000,2020-04-19
C00658,Nisha Iyer,Ahmedabad,Premium,100000,2020-12-02
C00659,Ritika Singh,Bengaluru,Corporate,50000,2021-03-27
C00660,Divya Malhotra,Hyderabad,Premium,150000,2020-03-29
C00661,Pooja Sharma,Kolkata,Retail,100000,2021-06-18
C00662,Ananya Shah,Gurugram,Premium,500000,2020-04-01
C00663,Arjun Malhotra,Gurugram,Premium,75000,2021-12-23
C00664,Deepak Mehta,Ahmedabad,Premium,150000,2020-02-20
C00665,Shruti Verma,Kolkata,Premium,25000,2021-06-07
C00666,Deepak Shah,Ahmedabad,Corporate,500000,2020-10-09
C00667,Anjali Chauhan,Kolkata,Premium,200000,2021-10-04
C00668,Mohit Kapoor,Ahmedabad,Retail,500000,2022-04-14
C00669,Arun Pandey,Ahmedabad,Premium,200000,2022-09-13
C00670,Vikram Mehta,Bengaluru,Corporate,50000,2020-01-21
C00671,Priya Malhotra,Delhi,Corporate,100000,2020-08-18
C00672,Sanjay Singh,Noida,Corporate,100000,2020-04-27
C00673,Karan Sharma,Mumbai,Retail,25000,2022-10-27
C00674,Suresh Iyer,Hyderabad,Retail,100000,2020-03-08
C00675,Divya Kumar,Chennai,Premium,100000,2021-01-20
C00676,Divya Joshi,Mumbai,Retail,25000,2020-10-17
C00677,Divya Chauhan,Chennai,Retail,25000,2022-01-09
C00678,Arun Kapoor,Hyderabad,Premium,75000,2020-06-09
C00679,Preeti Shah,Gurugram,Retail,200000,2022-04-30
C00680,Swati Verma,Chennai,Premium,75000,2020-02-05
C00681,Sanjay Kumar,Bengaluru,Premium,25000,2020-06-03
C00682,Raj Joshi,Ahmedabad,Retail,200000,2021-03-26
C00683,Sunita Iyer,Noida,Retail,500000,2022-12-15
C00684,Ritika Shah,Ahmedabad,Premium,200000,2022-12-08
C00685,Raj Pandey,Gurugram,Retail,150000,2021-10-27
C00686,Rahul Gupta,Gurugram,Premium,500000,2020-11-15
C00687,Suresh Srivastava,Delhi,Retail,200000,2022-06-09
C00688,Rahul Srivastava,Noida,Corporate,150000,2021-03-06
C00689,Nisha Nair,Delhi,Retail,200000,2020-12-22
C00690,Ananya Shah,Chennai,Corporate,150000,2021-07-19
C00691,Karan Mehta,Gurugram,Retail,50000,2021-12-14
C00692,Arjun Srivastava,Pune,Premium,200000,2021-07-12
C00693,Pooja Mehta,Gurugram,Corporate,500000,2021-09-03
C00694,Pooja Reddy,Mumbai,Corporate,75000,2021-06-29
C00695,Sanjay Joshi,Ahmedabad,Premium,150000,2020-05-11
C00696,Sanjay Shah,Gurugram,Corporate,150000,2021-01-29
C00697,Rahul Shah,Hyderabad,Retail,200000,2020-12-13
C00698,Nisha Srivastava,Kolkata,Premium,200000,2021-12-21
C00699,Preeti Nair,Delhi,Corporate,150000,2020-03-16
C00700,Pooja Singh,Hyderabad,Retail,25000,2020-08-16
C00701,Deepak Srivastava,Chennai,Corporate,100000,2021-10-27
C00702,Amit Pandey,Mumbai,Premium,200000,2020-08-26
C00703,Nikhil Mishra,Ahmedabad,Retail,200000,2020-11-30
C00704,Arun Kumar,Chennai,Retail,50000,2020-12-15
C00705,Pooja Verma,Pune,Retail,100000,2020-10-03
C00706,Pooja Patel,Delhi,Premium,75000,2021-06-08
C00707,Nisha Rao,Ahmedabad,Retail,200000,2020-06-22
C00708,Mohit Nair,Delhi,Retail,200000,2021-12-29
C00709,Shruti Shah,Hyderabad,Premium,200000,2022-04-08
C00710,Karan Joshi,Hyderabad,Corporate,100000,2021-09-20
C00711,Nikhil Srivastava,Noida,Corporate,50000,2022-06-11
C00712,Arjun Srivastava,Pune,Corporate,500000,2021-06-28
C00713,Sanjay Nair,Noida,Corporate,500000,2021-09-06
C00714,Vikram Singh,Kolkata,Corporate,150000,2020-07-30
C00715,Ananya Malhotra,Bengaluru,Premium,150000,2020-11-12
C00716,Meera Mehta,Noida,Corporate,25000,2021-11-26
C00717,Priya Chauhan,Bengaluru,Premium,25000,2022-03-09
C00718,Meera Mehta,Hyderabad,Premium,200000,2022-03-01
C00719,Priya Singh,Hyderabad,Retail,50000,2020-05-08
C00720,Divya Iyer,Mumbai,Retail,150000,2022-12-13
C00721,Sanjay Shah,Noida,Retail,500000,2022-01-05
C00722,Sneha Kumar,Pune,Premium,100000,2020-08-21
C00723,Aarav Srivastava,Gurugram,Corporate,500000,2020-03-14
C00724,Preeti Gupta,Chennai,Corporate,100000,2022-04-01
C00725,Divya Shah,Noida,Premium,500000,2020-02-08
C00726,Kavita Joshi,Gurugram,Retail,50000,2020-01-04
C00727,Arun Reddy,Bengaluru,Retail,25000,2021-03-26
C00728,Rahul Reddy,Pune,Premium,500000,2020-04-10
C00729,Mohit Verma,Chennai,Retail,100000,2021-04-27
C00730,Preeti Patel,Chennai,Premium,75000,2021-08-06
C00731,Mohit Malhotra,Noida,Retail,50000,2022-09-26
C00732,Meera Srivastava,Chennai,Premium,75000,2020-10-08
C00733,Shruti Verma,Gurugram,Corporate,75000,2022-06-13
C00734,Preeti Gupta,Delhi,Corporate,25000,2022-02-01
C00735,Divya Gupta,Bengaluru,Corporate,150000,2022-09-01
C00736,Preeti Verma,Kolkata,Premium,50000,2021-10-17
C00737,Nikhil Pandey,Mumbai,Retail,150000,2021-07-30
C00738,Pallavi Shah,Chennai,Retail,200000,2020-05-01
C00739,Anjali Reddy,Bengaluru,Retail,100000,2022-06-18
C00740,Gaurav Verma,Bengaluru,Retail,100000,2020-06-24
C00741,Aarav Reddy,Hyderabad,Retail,500000,2021-02-15
C00742,Deepak Kapoor,Bengaluru,Corporate,50000,2021-07-18
C00743,Sneha Iyer,Pune,Premium,25000,2020-12-23
C00744,Pooja Rao,Hyderabad,Retail,100000,2020-12-25
C00745,Mohit Srivastava,Kolkata,Premium,100000,2021-07-23
C00746,Raj Shah,Ahmedabad,Retail,500000,2021-01-27
C00747,Gaurav Kumar,Bengaluru,Premium,150000,2022-11-22
C00748,Swati Chauhan,Noida,Premium,100000,2020-09-10
C00749,Suresh Nair,Chennai,Premium,25000,2022-04-28
C00750,Karan Singh,Kolkata,Premium,500000,2021-01-12
C00751,Rahul Gupta,Kolkata,Corporate,100000,2021-11-20
C00752,Shruti Rao,Ahmedabad,Premium,100000,2022-01-09
C00753,Mohit Nair,Delhi,Retail,75000,2021-05-29
C00754,Sanjay Gupta,Delhi,Corporate,25000,2021-01-04
C00755,Aarav Iyer,Kolkata,Corporate,100000,2021-03-07
C00756,Pallavi Reddy,Gurugram,Premium,200000,2020-02-21
C00757,Deepak Joshi,Chennai,Retail,200000,2020-04-08
C00758,Anjali Kapoor,Pune,Premium,25000,2020-06-30
C00759,Swati Pandey,Ahmedabad,Premium,25000,2022-07-25
C00760,Nikhil Tiwari,Ahmedabad,Premium,100000,2020-11-12
C00761,Raj Iyer,Pune,Retail,100000,2021-05-25
C00762,Rohit Pandey,Noida,Premium,25000,2020-05-27
C00763,Ritika Singh,Mumbai,Retail,150000,2022-03-11
C00764,Anjali Kumar,Delhi,Premium,150000,2022-01-23
C00765,Kavita Iyer,Ahmedabad,Premium,25000,2021-02-10
C00766,Preeti Mehta,Pune,Premium,500000,2020-08-21
C00767,Aarav Nair,Delhi,Premium,25000,2020-09-25
C00768,Amit Mehta,Gurugram,Retail,500000,2022-08-08
C00769,Suresh Nair,Kolkata,Premium,150000,2022-07-23
C00770,Rahul Reddy,Hyderabad,Corporate,150000,2022-02-04
C00771,Deepak Malhotra,Kolkata,Retail,200000,2021-01-28
C00772,Aarav Nair,Hyderabad,Retail,75000,2021-09-21
C00773,Mohit Mishra,Ahmedabad,Corporate,150000,2021-03-30
C00774,Sanjay Mehta,Chennai,Corporate,150000,2021-03-24
C00775,Priya Singh,Pune,Retail,50000,2021-05-15
C00776,Suresh Reddy,Chennai,Retail,200000,2021-07-03
C00777,Anjali Pandey,Pune,Corporate,200000,2020-10-14
C00778,Ritika Chauhan,Gurugram,Premium,100000,2021-06-25
C00779,Preeti Reddy,Noida,Corporate,75000,2020-07-04
C00780,Sanjay Singh,Bengaluru,Premium,75000,2020-12-19
C00781,Mohit Reddy,Noida,Corporate,500000,2020-01-31
C00782,Nisha Kapoor,Ahmedabad,Retail,25000,2020-06-23
C00783,Meera Mehta,Pune,Corporate,500000,2020-09-06
C00784,Vikram Shah,Mumbai,Retail,50000,2022-01-24
C00785,Vikram Rao,Mumbai,Premium,500000,2021-12-21
C00786,Shruti Kapoor,Delhi,Corporate,100000,2022-11-15
C00787,Nisha Tiwari,Ahmedabad,Premium,75000,2022-04-20
C00788,Sanjay Srivastava,Mumbai,Corporate,150000,2021-09-08
C00789,Preeti Shah,Delhi,Corporate,500000,2021-08-04
C00790,Arun Srivastava,Bengaluru,Premium,150000,2022-07-22
C00791,Pallavi Joshi,Ahmedabad,Corporate,150000,2021-10-27
C00792,Arun Mehta,Ahmedabad,Retail,100000,2022-01-25
C00793,Ritika Kapoor,Mumbai,Premium,200000,2020-10-10
C00794,Swati Patel,Kolkata,Premium,200000,2022-06-05
C00795,Raj Rao,Hyderabad,Retail,75000,2022-06-20
C00796,Raj Mishra,Bengaluru,Premium,200000,2022-08-24
C00797,Rohit Malhotra,Chennai,Corporate,100000,2020-05-07
C00798,Sneha Verma,Bengaluru,Retail,25000,2022-09-13
C00799,Nikhil Srivastava,Chennai,Corporate,25000,2022-11-09
C00800,Gaurav Chauhan,Delhi,Corporate,500000,2020-10-10
