dispute_id,txn_id,customer_id,merchant_id,dispute_reason,dispute_date,resolution_status,resolution_days,amount
DSP00001,TXN0000003,C00378,M0096,Quality Issue,2023-01-01,Resolved,42.0,4274.06
DSP00002,TXN0000016,C00292,M0003,Quality Issue,2023-01-01,Escalated,42.0,131639.38
DSP00003,TXN0000022,C00190,M0058,Item Not Received,2023-01-01,Resolved,,1449.88
DSP00004,TXN0000070,C00606,M0049,Quality Issue,2023-01-02,Escalated,36.0,1837.18
DSP00005,TXN0000073,C00618,M0082,Duplicate,2023-01-03,Pending,14.0,1151.45
DSP00006,TXN0000076,C00480,M0067,Item Not Received,2023-01-03,Resolved,,19085.29
DSP00007,TXN0000082,C00770,M0009,Duplicate,2023-01-03,Resolved,12.0,2981.5
DSP00008,TXN0000101,C00705,M0057,Duplicate,2023-01-04,Escalated,44.0,3027.68
DSP00009,TXN0000130,C00585,M0098,Item Not Received,2023-01-04,Resolved,34.0,3753.19
DSP00010,TXN0000144,C00163,M0012,Item Not Received,2023-01-05,Resolved,,5856.99
DSP00011,TXN0000149,C00736,M0076,Quality Issue,2023-01-05,Resolved,,3498.38
DSP00012,TXN0000157,C00057,M0085,Item Not Received,2023-01-05,Escalated,,1445.81
DSP00013,TXN0000180,C00747,M0047,Item Not Received,2023-01-06,Pending,3.0,3811.58
DSP00014,TXN0000185,C00050,M0120,Unauthorized,2023-01-06,Pending,14.0,180861.71
DSP00015,TXN0000196,C00533,M0081,Duplicate,2023-01-06,Resolved,20.0,7073.88
DSP00016,TXN0000212,C00693,M0059,Duplicate,2023-01-07,Pending,17.0,6540.26
DSP00017,TXN0000227,C00049,M0020,Quality Issue,2023-01-07,Pending,35.0,164689.22
DSP00018,TXN0000239,C00125,M0049,Item Not Received,2023-01-07,Escalated,28.0,548.58
DSP00019,TXN0000241,C00594,M0043,Duplicate,2023-01-07,Pending,39.0,34638.86
DSP00020,TXN0000255,C00254,M0012,Duplicate,2023-01-08,Escalated,11.0,8488.13
DSP00021,TXN0000257,C00625,M0090,Item Not Received,2023-01-08,Escalated,10.0,823.67
DSP00022,TXN0000262,C00690,M0074,Item Not Received,2023-01-08,Escalated,32.0,26817.17
DSP00023,TXN0000291,C00223,M0113,Duplicate,2023-01-09,Escalated,,12611.04
DSP00024,TXN0000324,C00498,M0081,Duplicate,2023-01-10,Pending,,6364.07
DSP00025,TXN0000327,C00409,M0047,Unauthorized,2023-01-10,Pending,17.0,7213.44
DSP00026,TXN0000349,C00302,M0020,Quality Issue,2023-01-11,Resolved,36.0,43732.11
DSP00027,TXN0000365,C00312,M0001,Unauthorized,2023-01-11,Pending,,5286.96
DSP00028,TXN0000409,C00698,M0084,Quality Issue,2023-01-13,Resolved,34.0,7924.63
DSP00029,TXN0000435,C00044,M0120,Item Not Received,2023-01-14,Resolved,19.0,1294.85
DSP00030,TXN0000446,C00298,M0114,Quality Issue,2023-01-14,Escalated,,21533.06
DSP00031,TXN0000477,C00342,M0106,Quality Issue,2023-01-15,Pending,14.0,2541.58
DSP00032,TXN0000481,C00263,M0050,Item Not Received,2023-01-15,Pending,,3813.64
DSP00033,TXN0000523,C00514,M0009,Quality Issue,2023-01-16,Escalated,,11461.85
DSP00034,TXN0000534,C00517,M0069,Duplicate,2023-01-17,Pending,,2841.41
DSP00035,TXN0000538,C00625,M0082,Duplicate,2023-01-17,Pending,14.0,705.14
DSP00036,TXN0000552,C00676,M0034,Item Not Received,2023-01-17,Resolved,13.0,18824.65
DSP00037,TXN0000557,C00238,M0042,Quality Issue,2023-01-17,Escalated,31.0,1616.27
DSP00038,TXN0000585,C00111,M0070,Quality Issue,2023-01-18,Pending,,3323.0
DSP00039,TXN0000610,C00068,M0108,Unauthorized,2023-01-19,Pending,,4008.32
DSP00040,TXN0000682,C00040,M0059,Quality Issue,2023-01-21,Pending,2.0,6389.06
DSP00041,TXN0000689,C00340,M0046,Duplicate,2023-01-21,Resolved,,4994.91
DSP00042,TXN0000691,C00495,M0110,Item Not Received,2023-01-22,Resolved,25.0,3381.49
DSP00043,TXN0000699,C00569,M0105,Quality Issue,2023-01-22,Escalated,,7949.98
DSP00044,TXN0000743,C00644,M0047,Quality Issue,2023-01-23,Escalated,,5261.88
DSP00045,TXN0000769,C00294,M0061,Item Not Received,2023-01-23,Pending,22.0,1989.12
DSP00046,TXN0000791,C00567,M0061,Unauthorized,2023-01-24,Escalated,,781.91
DSP00047,TXN0000859,C00087,M0002,Duplicate,2023-01-26,Resolved,18.0,2335.65
DSP00048,TXN0000872,C00296,M0091,Unauthorized,2023-01-27,Pending,,876.4
DSP00049,TXN0000885,C00388,M0043,Item Not Received,2023-01-27,Resolved,16.0,4952.75
DSP00050,TXN0000924,C00784,M0033,Item Not Received,2023-01-28,Resolved,,467.92
DSP00051,TXN0000950,C00572,M0043,Quality Issue,2023-01-29,Escalated,27.0,22224.06
DSP00052,TXN0000960,C00094,M0107,Duplicate,2023-01-29,Escalated,36.0,5234.54
DSP00053,TXN0000980,C00648,M0074,Quality Issue,2023-01-30,Resolved,23.0,33735.53
DSP00054,TXN0000987,C00605,M0025,Quality Issue,2023-01-30,Pending,44.0,31136.7
DSP00055,TXN0001018,C00086,M0118,Quality Issue,2023-01-31,Pending,,197107.35
DSP00056,TXN0001058,C00562,M0069,Duplicate,2023-02-01,Pending,16.0,6538.74
DSP00057,TXN0001068,C00633,M0003,Unauthorized,2023-02-01,Pending,,521.92
DSP00058,TXN0001081,C00087,M0091,Duplicate,2023-02-02,Pending,,1179.5
DSP00059,TXN0001097,C00070,M0017,Quality Issue,2023-02-02,Resolved,23.0,1270.12
DSP00060,TXN0001103,C00532,M0090,Unauthorized,2023-02-02,Resolved,,857.58
DSP00061,TXN0001115,C00715,M0042,Quality Issue,2023-02-03,Escalated,,1300.91
DSP00062,TXN0001125,C00608,M0077,Duplicate,2023-02-03,Escalated,7.0,1466.63
DSP00063,TXN0001147,C00103,M0112,Item Not Received,2023-02-04,Pending,32.0,1667.91
DSP00064,TXN0001148,C00042,M0033,Item Not Received,2023-02-04,Escalated,4.0,1947.9
DSP00065,TXN0001169,C00027,M0014,Item Not Received,2023-02-04,Pending,23.0,3104.15
DSP00066,TXN0001172,C00365,M0085,Quality Issue,2023-02-04,Escalated,41.0,1818.06
DSP00067,TXN0001187,C00315,M0001,Duplicate,2023-02-05,Escalated,14.0,263.91
DSP00068,TXN0001218,C00063,M0096,Quality Issue,2023-02-06,Resolved,9.0,665.09
DSP00069,TXN0001225,C00416,M0082,Duplicate,2023-02-06,Resolved,39.0,1009.48
DSP00070,TXN0001235,C00465,M0082,Item Not Received,2023-02-06,Resolved,,861.94
DSP00071,TXN0001265,C00763,M0072,Item Not Received,2023-02-07,Resolved,,4364.17
DSP00072,TXN0001283,C00650,M0032,Item Not Received,2023-02-08,Escalated,6.0,338.34
DSP00073,TXN0001288,C00703,M0073,Quality Issue,2023-02-08,Pending,20.0,33494.51
DSP00074,TXN0001312,C00001,M0083,Quality Issue,2023-02-09,Escalated,,6022.5
DSP00075,TXN0001328,C00328,M0096,Quality Issue,2023-02-09,Resolved,,328.37
DSP00076,TXN0001329,C00482,M0055,Item Not Received,2023-02-09,Pending,,5021.34
DSP00077,TXN0001426,C00228,M0041,Unauthorized,2023-02-12,Pending,24.0,20264.18
DSP00078,TXN0001437,C00247,M0075,Unauthorized,2023-02-13,Escalated,41.0,2529.15
DSP00079,TXN0001458,C00633,M0043,Item Not Received,2023-02-13,Escalated,29.0,38745.75
DSP00080,TXN0001494,C00194,M0018,Duplicate,2023-02-15,Pending,25.0,2007.74
DSP00081,TXN0001506,C00345,M0114,Duplicate,2023-02-15,Pending,,11395.73
DSP00082,TXN0001511,C00147,M0046,Duplicate,2023-02-15,Escalated,14.0,7778.24
DSP00083,TXN0001531,C00489,M0120,Quality Issue,2023-02-16,Escalated,,4349.77
DSP00084,TXN0001541,C00677,M0015,Duplicate,2023-02-16,Resolved,24.0,1978.29
DSP00085,TXN0001544,C00714,M0014,Quality Issue,2023-02-16,Resolved,43.0,3265.45
DSP00086,TXN0001556,C00490,M0094,Unauthorized,2023-02-17,Pending,44.0,19571.92
DSP00087,TXN0001561,C00035,M0054,Unauthorized,2023-02-17,Escalated,,13234.3
DSP00088,TXN0001586,C00686,M0072,Item Not Received,2023-02-17,Resolved,,1923.76
DSP00089,TXN0001595,C00743,M0048,Item Not Received,2023-02-18,Resolved,45.0,1396.37
DSP00090,TXN0001598,C00597,M0044,Quality Issue,2023-02-18,Escalated,43.0,76159.51
DSP00091,TXN0001616,C00599,M0087,Unauthorized,2023-02-18,Pending,,21749.5
DSP00092,TXN0001621,C00380,M0030,Item Not Received,2023-02-18,Pending,37.0,6411.68
DSP00093,TXN0001626,C00539,M0110,Quality Issue,2023-02-18,Pending,5.0,1443.67
DSP00094,TXN0001647,C00702,M0093,Quality Issue,2023-02-19,Escalated,,2039.41
DSP00095,TXN0001658,C00502,M0088,Unauthorized,2023-02-19,Pending,38.0,10602.26
DSP00096,TXN0001662,C00352,M0073,Item Not Received,2023-02-19,Pending,28.0,62489.79
DSP00097,TXN0001699,C00702,M0061,Item Not Received,2023-02-21,Resolved,30.0,1477.06
DSP00098,TXN0001706,C00332,M0094,Item Not Received,2023-02-21,Pending,4.0,33296.29
DSP00099,TXN0001708,C00500,M0071,Item Not Received,2023-02-21,Resolved,21.0,1521.88
DSP00100,TXN0001740,C00113,M0011,Quality Issue,2023-02-22,Pending,37.0,19970.36
DSP00101,TXN0001744,C00426,M0054,Unauthorized,2023-02-22,Escalated,,9466.59
DSP00102,TXN0001776,C00343,M0022,Item Not Received,2023-02-23,Pending,29.0,1142.54
DSP00103,TXN0001790,C00069,M0089,Unauthorized,2023-02-23,Resolved,,188424.9
DSP00104,TXN0001804,C00717,M0091,Quality Issue,2023-02-24,Resolved,,944.73
DSP00105,TXN0001809,C00312,M0042,Quality Issue,2023-02-24,Pending,,2218.11
DSP00106,TXN0001818,C00758,M0073,Item Not Received,2023-02-24,Resolved,,48819.72
DSP00107,TXN0001837,C00781,M0023,Unauthorized,2023-02-24,Pending,3.0,600.62
DSP00108,TXN0001841,C00081,M0058,Item Not Received,2023-02-25,Pending,,177.89
DSP00109,TXN0001868,C00478,M0056,Unauthorized,2023-02-26,Pending,6.0,9708.34
DSP00110,TXN0001882,C00198,M0052,Duplicate,2023-02-26,Resolved,1.0,510.0
DSP00111,TXN0001897,C00636,M0083,Quality Issue,2023-02-26,Pending,43.0,6289.61
DSP00112,TXN0001908,C00009,M0064,Item Not Received,2023-02-27,Escalated,30.0,1320.37
DSP00113,TXN0001929,C00212,M0049,Unauthorized,2023-02-27,Escalated,24.0,1411.02
DSP00114,TXN0001936,C00350,M0082,Item Not Received,2023-02-27,Pending,1.0,1421.76
DSP00115,TXN0001962,C00576,M0102,Duplicate,2023-02-28,Escalated,43.0,157778.89
DSP00116,TXN0001977,C00497,M0120,Item Not Received,2023-03-01,Resolved,,597.34
DSP00117,TXN0001982,C00401,M0089,Duplicate,2023-03-01,Pending,,14254.12
DSP00118,TXN0001991,C00312,M0014,Duplicate,2023-03-01,Pending,28.0,3641.64
DSP00119,TXN0002010,C00626,M0075,Duplicate,2023-03-02,Pending,,2867.0
DSP00120,TXN0002040,C00706,M0014,Duplicate,2023-03-03,Escalated,16.0,98898.75
DSP00121,TXN0002053,C00413,M0086,Quality Issue,2023-03-03,Resolved,16.0,465.47
DSP00122,TXN0002056,C00569,M0061,Quality Issue,2023-03-03,Pending,5.0,2303.21
DSP00123,TXN0002064,C00338,M0088,Quality Issue,2023-03-04,Escalated,,9618.65
DSP00124,TXN0002065,C00156,M0080,Duplicate,2023-03-04,Resolved,28.0,7725.83
DSP00125,TXN0002073,C00365,M0116,Unauthorized,2023-03-04,Resolved,,755.33
DSP00126,TXN0002111,C00397,M0085,Item Not Received,2023-03-05,Pending,39.0,3805.43
DSP00127,TXN0002132,C00763,M0038,Quality Issue,2023-03-06,Resolved,,19592.18
DSP00128,TXN0002133,C00263,M0006,Duplicate,2023-03-06,Resolved,25.0,4024.76
DSP00129,TXN0002185,C00158,M0077,Unauthorized,2023-03-07,Escalated,8.0,1828.35
DSP00130,TXN0002189,C00426,M0047,Quality Issue,2023-03-07,Resolved,41.0,950.48
DSP00131,TXN0002192,C00576,M0079,Item Not Received,2023-03-07,Resolved,8.0,83234.75
DSP00132,TXN0002194,C00336,M0051,Item Not Received,2023-03-07,Resolved,20.0,3264.52
DSP00133,TXN0002197,C00420,M0011,Duplicate,2023-03-07,Pending,43.0,8477.61
DSP00134,TXN0002207,C00685,M0103,Duplicate,2023-03-08,Escalated,,1808.87
DSP00135,TXN0002209,C00030,M0065,Quality Issue,2023-03-08,Pending,18.0,668.96
DSP00136,TXN0002217,C00069,M0057,Unauthorized,2023-03-08,Resolved,43.0,4646.75
DSP00137,TXN0002245,C00472,M0117,Quality Issue,2023-03-09,Pending,,2184.66
DSP00138,TXN0002257,C00294,M0055,Unauthorized,2023-03-09,Resolved,42.0,1430.05
DSP00139,TXN0002265,C00267,M0077,Quality Issue,2023-03-09,Pending,29.0,761.94
DSP00140,TXN0002280,C00278,M0105,Item Not Received,2023-03-10,Resolved,28.0,14297.26
DSP00141,TXN0002323,C00093,M0119,Duplicate,2023-03-11,Escalated,26.0,1027.11
DSP00142,TXN0002328,C00324,M0111,Item Not Received,2023-03-11,Pending,7.0,5519.43
DSP00143,TXN0002354,C00746,M0059,Item Not Received,2023-03-12,Pending,32.0,543.54
DSP00144,TXN0002378,C00537,M0045,Duplicate,2023-03-13,Pending,,4477.47
DSP00145,TXN0002399,C00597,M0068,Duplicate,2023-03-13,Resolved,7.0,87336.92
DSP00146,TXN0002409,C00592,M0058,Quality Issue,2023-03-13,Resolved,24.0,968.53
DSP00147,TXN0002414,C00290,M0036,Unauthorized,2023-03-13,Resolved,28.0,1486.89
DSP00148,TXN0002421,C00640,M0093,Unauthorized,2023-03-14,Pending,20.0,4163.49
DSP00149,TXN0002459,C00564,M0062,Item Not Received,2023-03-15,Resolved,17.0,11725.75
DSP00150,TXN0002479,C00583,M0017,Item Not Received,2023-03-15,Resolved,,3580.61
DSP00151,TXN0002489,C00395,M0085,Item Not Received,2023-03-15,Escalated,,3196.51
DSP00152,TXN0002501,C00082,M0005,Quality Issue,2023-03-16,Escalated,,10440.32
DSP00153,TXN0002541,C00640,M0103,Unauthorized,2023-03-17,Pending,,621.78
DSP00154,TXN0002591,C00455,M0110,Unauthorized,2023-03-18,Pending,15.0,3549.53
DSP00155,TXN0002592,C00737,M0071,Quality Issue,2023-03-18,Resolved,43.0,5704.31
DSP00156,TXN0002595,C00695,M0023,Quality Issue,2023-03-18,Escalated,1.0,2396.95
DSP00157,TXN0002601,C00738,M0085,Duplicate,2023-03-19,Escalated,38.0,3373.78
DSP00158,TXN0002639,C00010,M0011,Unauthorized,2023-03-20,Resolved,14.0,13408.02
DSP00159,TXN0002653,C00062,M0102,Duplicate,2023-03-20,Resolved,,8299.41
DSP00160,TXN0002665,C00764,M0056,Quality Issue,2023-03-21,Pending,3.0,8035.36
DSP00161,TXN0002705,C00757,M0035,Duplicate,2023-03-22,Pending,19.0,4945.03
DSP00162,TXN0002729,C00741,M0032,Unauthorized,2023-03-23,Resolved,,11558.58
DSP00163,TXN0002742,C00574,M0064,Item Not Received,2023-03-23,Pending,43.0,3446.49
DSP00164,TXN0002744,C00455,M0092,Quality Issue,2023-03-23,Resolved,26.0,1185.95
DSP00165,TXN0002748,C00424,M0033,Duplicate,2023-03-23,Pending,,1474.22
DSP00166,TXN0002808,C00155,M0038,Duplicate,2023-03-25,Resolved,2.0,9934.71
DSP00167,TXN0002809,C00442,M0014,Quality Issue,2023-03-25,Pending,21.0,3610.55
DSP00168,TXN0002810,C00487,M0014,Item Not Received,2023-03-25,Pending,27.0,3230.06
DSP00169,TXN0002832,C00143,M0108,Unauthorized,2023-03-26,Resolved,41.0,2971.02
DSP00170,TXN0002841,C00428,M0066,Quality Issue,2023-03-26,Escalated,17.0,1140.89
DSP00171,TXN0002845,C00550,M0034,Quality Issue,2023-03-26,Pending,25.0,9938.27
DSP00172,TXN0002856,C00697,M0080,Duplicate,2023-03-26,Resolved,,16600.66
DSP00173,TXN0002858,C00552,M0010,Duplicate,2023-03-26,Pending,38.0,718.58
DSP00174,TXN0002905,C00291,M0007,Quality Issue,2023-03-28,Resolved,14.0,1659.35
DSP00175,TXN0002914,C00246,M0031,Unauthorized,2023-03-28,Resolved,,917.62
DSP00176,TXN0002941,C00075,M0015,Duplicate,2023-03-29,Escalated,11.0,1601.89
DSP00177,TXN0002947,C00340,M0036,Duplicate,2023-03-29,Escalated,,344.31
DSP00178,TXN0002974,C00062,M0060,Quality Issue,2023-03-30,Escalated,14.0,2903.12
DSP00179,TXN0002984,C00453,M0073,Duplicate,2023-03-30,Escalated,,29386.87
DSP00180,TXN0002992,C00640,M0044,Unauthorized,2023-03-30,Pending,,159442.37
DSP00181,TXN0003011,C00152,M0114,Unauthorized,2023-03-31,Pending,,24333.33
DSP00182,TXN0003053,C00445,M0024,Quality Issue,2023-04-01,Resolved,36.0,1557.65
DSP00183,TXN0003059,C00240,M0063,Quality Issue,2023-04-02,Escalated,20.0,5841.71
DSP00184,TXN0003061,C00673,M0091,Duplicate,2023-04-02,Pending,33.0,505.14
DSP00185,TXN0003077,C00175,M0080,Item Not Received,2023-04-02,Pending,17.0,18923.53
DSP00186,TXN0003130,C00303,M0071,Item Not Received,2023-04-04,Escalated,18.0,7830.51
DSP00187,TXN0003184,C00570,M0061,Unauthorized,2023-04-05,Escalated,18.0,2662.07
DSP00188,TXN0003205,C00599,M0105,Quality Issue,2023-04-06,Resolved,12.0,3746.35
DSP00189,TXN0003220,C00260,M0065,Quality Issue,2023-04-06,Escalated,29.0,24416.38
DSP00190,TXN0003256,C00301,M0074,Item Not Received,2023-04-07,Escalated,,23478.96
DSP00191,TXN0003264,C00454,M0028,Unauthorized,2023-04-08,Resolved,12.0,7208.1
DSP00192,TXN0003284,C00530,M0007,Quality Issue,2023-04-08,Escalated,34.0,965.89
DSP00193,TXN0003343,C00250,M0106,Duplicate,2023-04-10,Resolved,35.0,1914.37
DSP00194,TXN0003353,C00226,M0111,Unauthorized,2023-04-10,Escalated,8.0,2488.76
DSP00195,TXN0003372,C00186,M0065,Item Not Received,2023-04-11,Escalated,24.0,23041.91
DSP00196,TXN0003420,C00097,M0111,Duplicate,2023-04-13,Pending,33.0,793.35
DSP00197,TXN0003466,C00737,M0038,Duplicate,2023-04-15,Escalated,20.0,7991.5
DSP00198,TXN0003473,C00519,M0071,Unauthorized,2023-04-15,Resolved,,85895.65
DSP00199,TXN0003480,C00782,M0060,Duplicate,2023-04-15,Escalated,,1108.22
DSP00200,TXN0003484,C00271,M0001,Quality Issue,2023-04-15,Resolved,,5021.39
DSP00201,TXN0003488,C00570,M0024,Quality Issue,2023-04-15,Pending,36.0,1268.35
DSP00202,TXN0003500,C00069,M0048,Duplicate,2023-04-16,Escalated,35.0,633.64
DSP00203,TXN0003503,C00789,M0096,Unauthorized,2023-04-16,Resolved,,4444.92
DSP00204,TXN0003511,C00657,M0099,Quality Issue,2023-04-16,Resolved,36.0,46664.85
DSP00205,TXN0003539,C00731,M0073,Quality Issue,2023-04-17,Resolved,10.0,19133.56
DSP00206,TXN0003556,C00505,M0040,Item Not Received,2023-04-17,Resolved,,7789.39
DSP00207,TXN0003592,C00622,M0066,Duplicate,2023-04-18,Pending,,169440.58
DSP00208,TXN0003594,C00163,M0001,Quality Issue,2023-04-18,Resolved,43.0,1110.48
DSP00209,TXN0003605,C00339,M0057,Item Not Received,2023-04-19,Resolved,26.0,2303.14
DSP00210,TXN0003623,C00658,M0040,Duplicate,2023-04-19,Resolved,32.0,4376.1
DSP00211,TXN0003625,C00492,M0118,Quality Issue,2023-04-19,Pending,36.0,1320.93
DSP00212,TXN0003650,C00602,M0034,Quality Issue,2023-04-20,Pending,44.0,14580.14
DSP00213,TXN0003666,C00200,M0058,Duplicate,2023-04-21,Resolved,,1352.65
DSP00214,TXN0003722,C00584,M0112,Item Not Received,2023-04-22,Escalated,,2725.87
DSP00215,TXN0003740,C00449,M0058,Duplicate,2023-04-23,Resolved,,1264.25
DSP00216,TXN0003743,C00756,M0075,Quality Issue,2023-04-23,Resolved,12.0,2682.66
DSP00217,TXN0003744,C00357,M0025,Item Not Received,2023-04-23,Escalated,1.0,149438.31
DSP00218,TXN0003757,C00280,M0005,Unauthorized,2023-04-23,Resolved,33.0,10366.8
DSP00219,TXN0003767,C00162,M0110,Item Not Received,2023-04-24,Pending,,1366.15
DSP00220,TXN0003769,C00046,M0097,Unauthorized,2023-04-24,Escalated,20.0,4695.8
DSP00221,TXN0003771,C00210,M0003,Quality Issue,2023-04-24,Pending,,182165.99
DSP00222,TXN0003799,C00057,M0043,Item Not Received,2023-04-25,Escalated,13.0,2468.66
DSP00223,TXN0003828,C00171,M0109,Unauthorized,2023-04-26,Pending,,1026.12
DSP00224,TXN0003852,C00572,M0060,Item Not Received,2023-04-26,Resolved,19.0,2853.05
DSP00225,TXN0003884,C00274,M0088,Unauthorized,2023-04-27,Escalated,2.0,6259.69
DSP00226,TXN0003892,C00601,M0072,Item Not Received,2023-04-27,Resolved,,1657.61
DSP00227,TXN0003903,C00612,M0052,Duplicate,2023-04-28,Escalated,44.0,7327.21
DSP00228,TXN0003905,C00409,M0095,Unauthorized,2023-04-28,Pending,12.0,26519.37
DSP00229,TXN0003920,C00495,M0110,Quality Issue,2023-04-28,Pending,,4326.27
DSP00230,TXN0003930,C00487,M0032,Item Not Received,2023-04-28,Pending,,7375.54
DSP00231,TXN0003964,C00079,M0054,Quality Issue,2023-04-29,Pending,7.0,4366.17
DSP00232,TXN0003973,C00145,M0013,Unauthorized,2023-04-30,Escalated,,4836.7
DSP00233,TXN0003974,C00131,M0106,Item Not Received,2023-04-30,Resolved,,86181.13
DSP00234,TXN0003994,C00075,M0036,Item Not Received,2023-04-30,Escalated,33.0,111512.06
DSP00235,TXN0004013,C00745,M0049,Quality Issue,2023-05-01,Pending,,1630.86
DSP00236,TXN0004028,C00019,M0039,Item Not Received,2023-05-01,Pending,31.0,12277.75
DSP00237,TXN0004040,C00124,M0086,Duplicate,2023-05-01,Escalated,,188651.24
DSP00238,TXN0004067,C00605,M0114,Item Not Received,2023-05-02,Escalated,,23462.91
DSP00239,TXN0004077,C00719,M0021,Unauthorized,2023-05-03,Escalated,25.0,9837.43
DSP00240,TXN0004086,C00165,M0071,Quality Issue,2023-05-03,Escalated,1.0,3653.99
DSP00241,TXN0004131,C00266,M0002,Duplicate,2023-05-04,Escalated,,612.3
DSP00242,TXN0004153,C00639,M0066,Duplicate,2023-05-05,Resolved,31.0,1396.36
DSP00243,TXN0004160,C00692,M0098,Item Not Received,2023-05-05,Escalated,,4139.52
DSP00244,TXN0004163,C00298,M0104,Item Not Received,2023-05-05,Pending,16.0,4422.35
DSP00245,TXN0004187,C00566,M0089,Quality Issue,2023-05-06,Resolved,,8991.01
DSP00246,TXN0004196,C00686,M0120,Duplicate,2023-05-06,Pending,,2422.49
DSP00247,TXN0004236,C00177,M0001,Duplicate,2023-05-08,Pending,10.0,2560.1
DSP00248,TXN0004243,C00628,M0043,Duplicate,2023-05-08,Pending,3.0,49311.79
DSP00249,TXN0004263,C00349,M0033,Unauthorized,2023-05-08,Resolved,38.0,439.36
DSP00250,TXN0004322,C00223,M0052,Quality Issue,2023-05-10,Resolved,,126874.72
DSP00251,TXN0004326,C00718,M0053,Unauthorized,2023-05-10,Pending,,3639.41
DSP00252,TXN0004328,C00542,M0120,Unauthorized,2023-05-10,Pending,11.0,2694.82
DSP00253,TXN0004354,C00063,M0105,Duplicate,2023-05-11,Pending,31.0,1198.74
DSP00254,TXN0004355,C00303,M0029,Duplicate,2023-05-11,Resolved,17.0,2953.93
DSP00255,TXN0004381,C00765,M0075,Unauthorized,2023-05-12,Pending,,1146.11
DSP00256,TXN0004410,C00110,M0069,Item Not Received,2023-05-13,Pending,3.0,14503.25
DSP00257,TXN0004414,C00353,M0082,Unauthorized,2023-05-13,Pending,7.0,463.73
DSP00258,TXN0004416,C00096,M0011,Duplicate,2023-05-13,Escalated,35.0,6097.38
DSP00259,TXN0004419,C00539,M0083,Duplicate,2023-05-13,Pending,14.0,3027.91
DSP00260,TXN0004429,C00597,M0057,Item Not Received,2023-05-14,Resolved,44.0,622.6
DSP00261,TXN0004463,C00591,M0089,Quality Issue,2023-05-15,Escalated,6.0,21346.49
DSP00262,TXN0004472,C00248,M0029,Quality Issue,2023-05-15,Pending,19.0,2894.98
DSP00263,TXN0004474,C00661,M0080,Item Not Received,2023-05-15,Escalated,36.0,14199.26
DSP00264,TXN0004481,C00084,M0027,Duplicate,2023-05-15,Resolved,35.0,4043.76
DSP00265,TXN0004482,C00430,M0092,Duplicate,2023-05-15,Resolved,13.0,6890.06
DSP00266,TXN0004484,C00682,M0081,Quality Issue,2023-05-15,Escalated,7.0,14750.56
DSP00267,TXN0004491,C00765,M0067,Quality Issue,2023-05-16,Pending,,24147.17
DSP00268,TXN0004495,C00538,M0027,Duplicate,2023-05-16,Escalated,15.0,3158.45
DSP00269,TXN0004500,C00584,M0072,Item Not Received,2023-05-16,Resolved,,3337.17
DSP00270,TXN0004514,C00799,M0118,Item Not Received,2023-05-16,Escalated,27.0,1380.53
DSP00271,TXN0004536,C00472,M0054,Item Not Received,2023-05-17,Resolved,43.0,17055.81
DSP00272,TXN0004540,C00585,M0100,Item Not Received,2023-05-17,Escalated,16.0,30799.29
DSP00273,TXN0004546,C00518,M0017,Unauthorized,2023-05-17,Escalated,41.0,533.64
DSP00274,TXN0004552,C00577,M0113,Quality Issue,2023-05-18,Escalated,2.0,7993.54
DSP00275,TXN0004578,C00517,M0055,Quality Issue,2023-05-18,Escalated,44.0,3762.67
DSP00276,TXN0004611,C00009,M0038,Unauthorized,2023-05-19,Escalated,6.0,17468.59
DSP00277,TXN0004623,C00675,M0077,Duplicate,2023-05-20,Resolved,10.0,1673.71
DSP00278,TXN0004628,C00301,M0073,Duplicate,2023-05-20,Pending,,7598.71
DSP00279,TXN0004635,C00721,M0047,Duplicate,2023-05-20,Resolved,16.0,2158.9
DSP00280,TXN0004643,C00354,M0061,Unauthorized,2023-05-20,Escalated,26.0,118.09
DSP00281,TXN0004703,C00031,M0071,Unauthorized,2023-05-22,Resolved,,1822.72
DSP00282,TXN0004714,C00725,M0096,Quality Issue,2023-05-22,Escalated,,1898.69
DSP00283,TXN0004724,C00093,M0072,Quality Issue,2023-05-23,Resolved,43.0,1029.25
DSP00284,TXN0004772,C00706,M0035,Quality Issue,2023-05-24,Resolved,32.0,3011.31
DSP00285,TXN0004780,C00744,M0064,Item Not Received,2023-05-24,Pending,,2220.15
DSP00286,TXN0004796,C00415,M0042,Quality Issue,2023-05-25,Pending,,1979.63
DSP00287,TXN0004799,C00110,M0074,Item Not Received,2023-05-25,Resolved,2.0,30316.39
DSP00288,TXN0004814,C00598,M0039,Duplicate,2023-05-25,Pending,,3575.76
DSP00289,TXN0004832,C00056,M0006,Duplicate,2023-05-26,Escalated,3.0,4100.25
DSP00290,TXN0004860,C00767,M0103,Item Not Received,2023-05-27,Pending,22.0,688.09
DSP00291,TXN0004864,C00253,M0034,Quality Issue,2023-05-27,Resolved,12.0,18044.09
DSP00292,TXN0004878,C00402,M0015,Quality Issue,2023-05-28,Escalated,21.0,1053.96
DSP00293,TXN0004901,C00784,M0038,Duplicate,2023-05-28,Pending,34.0,19130.76
DSP00294,TXN0004914,C00588,M0057,Duplicate,2023-05-29,Pending,,2525.01
DSP00295,TXN0004921,C00132,M0016,Duplicate,2023-05-29,Escalated,39.0,6742.68
DSP00296,TXN0004943,C00710,M0045,Duplicate,2023-05-30,Pending,31.0,2041.95
DSP00297,TXN0004967,C00572,M0028,Quality Issue,2023-05-31,Escalated,,15932.08
DSP00298,TXN0005006,C00744,M0110,Unauthorized,2023-06-01,Escalated,34.0,4163.54
DSP00299,TXN0005012,C00308,M0013,Quality Issue,2023-06-02,Escalated,12.0,2896.56
DSP00300,TXN0005028,C00466,M0073,Quality Issue,2023-06-02,Pending,30.0,7522.45
DSP00301,TXN0005039,C00744,M0005,Quality Issue,2023-06-02,Resolved,17.0,7535.26
DSP00302,TXN0005052,C00769,M0107,Quality Issue,2023-06-03,Resolved,,3915.16
DSP00303,TXN0005060,C00013,M0056,Quality Issue,2023-06-03,Resolved,45.0,181598.05
DSP00304,TXN0005066,C00576,M0001,Duplicate,2023-06-03,Pending,25.0,2444.47
DSP00305,TXN0005074,C00267,M0109,Unauthorized,2023-06-03,Pending,,1898.27
DSP00306,TXN0005106,C00204,M0036,Item Not Received,2023-06-04,Pending,,1797.82
DSP00307,TXN0005116,C00631,M0104,Duplicate,2023-06-05,Resolved,28.0,3464.21
DSP00308,TXN0005122,C00497,M0028,Item Not Received,2023-06-05,Pending,16.0,17132.75
DSP00309,TXN0005146,C00028,M0089,Unauthorized,2023-06-05,Resolved,6.0,8291.05
DSP00310,TXN0005148,C00490,M0115,Quality Issue,2023-06-05,Pending,,8535.81
DSP00311,TXN0005154,C00078,M0017,Quality Issue,2023-06-06,Resolved,31.0,1609.98
DSP00312,TXN0005174,C00450,M0071,Unauthorized,2023-06-06,Pending,34.0,1101.57
DSP00313,TXN0005191,C00462,M0100,Duplicate,2023-06-07,Escalated,7.0,4373.12
DSP00314,TXN0005198,C00355,M0119,Duplicate,2023-06-07,Resolved,5.0,1225.38
DSP00315,TXN0005199,C00671,M0029,Quality Issue,2023-06-07,Pending,21.0,3059.65
DSP00316,TXN0005254,C00551,M0045,Unauthorized,2023-06-08,Escalated,16.0,1100.42
DSP00317,TXN0005276,C00330,M0099,Unauthorized,2023-06-09,Resolved,,23517.78
DSP00318,TXN0005293,C00674,M0117,Item Not Received,2023-06-10,Resolved,33.0,342.33
DSP00319,TXN0005341,C00668,M0070,Quality Issue,2023-06-11,Resolved,24.0,4296.25
DSP00320,TXN0005343,C00150,M0107,Duplicate,2023-06-11,Escalated,18.0,660.2
DSP00321,TXN0005346,C00488,M0084,Quality Issue,2023-06-11,Pending,3.0,21576.65
DSP00322,TXN0005371,C00334,M0041,Duplicate,2023-06-12,Pending,44.0,10408.02
DSP00323,TXN0005381,C00678,M0097,Duplicate,2023-06-12,Resolved,33.0,1425.11
DSP00324,TXN0005390,C00747,M0006,Unauthorized,2023-06-13,Escalated,6.0,15446.24
DSP00325,TXN0005398,C00627,M0081,Unauthorized,2023-06-13,Escalated,13.0,22302.38
DSP00326,TXN0005410,C00354,M0117,Item Not Received,2023-06-13,Resolved,24.0,2542.89
DSP00327,TXN0005466,C00634,M0021,Item Not Received,2023-06-15,Resolved,,9163.84
DSP00328,TXN0005524,C00003,M0025,Quality Issue,2023-06-17,Escalated,23.0,45462.69
DSP00329,TXN0005539,C00514,M0085,Unauthorized,2023-06-17,Pending,31.0,4307.52
DSP00330,TXN0005556,C00048,M0035,Duplicate,2023-06-17,Resolved,1.0,11004.35
DSP00331,TXN0005575,C00655,M0104,Unauthorized,2023-06-18,Resolved,25.0,4131.49
DSP00332,TXN0005581,C00363,M0066,Item Not Received,2023-06-18,Pending,,1687.85
DSP00333,TXN0005589,C00546,M0088,Unauthorized,2023-06-18,Escalated,9.0,11775.58
DSP00334,TXN0005609,C00775,M0055,Duplicate,2023-06-19,Pending,36.0,7139.33
DSP00335,TXN0005644,C00651,M0097,Duplicate,2023-06-20,Escalated,10.0,54878.14
DSP00336,TXN0005648,C00448,M0028,Quality Issue,2023-06-20,Escalated,,23020.83
DSP00337,TXN0005664,C00344,M0090,Quality Issue,2023-06-21,Escalated,12.0,2735.13
DSP00338,TXN0005679,C00699,M0038,Duplicate,2023-06-21,Pending,42.0,2444.24
DSP00339,TXN0005707,C00144,M0068,Unauthorized,2023-06-22,Resolved,,7782.08
DSP00340,TXN0005718,C00537,M0049,Item Not Received,2023-06-22,Resolved,22.0,105383.74
DSP00341,TXN0005729,C00189,M0042,Unauthorized,2023-06-23,Resolved,40.0,2385.19
DSP00342,TXN0005730,C00267,M0091,Item Not Received,2023-06-23,Resolved,44.0,603.45
DSP00343,TXN0005755,C00280,M0025,Duplicate,2023-06-24,Pending,,9716.45
DSP00344,TXN0005794,C00019,M0077,Quality Issue,2023-06-25,Resolved,,1832.18
DSP00345,TXN0005800,C00618,M0060,Item Not Received,2023-06-25,Pending,,1936.51
DSP00346,TXN0005801,C00112,M0040,Unauthorized,2023-06-25,Resolved,40.0,1935.53
DSP00347,TXN0005804,C00563,M0027,Unauthorized,2023-06-25,Escalated,17.0,7679.18
DSP00348,TXN0005806,C00374,M0009,Item Not Received,2023-06-25,Pending,14.0,9643.5
DSP00349,TXN0005812,C00268,M0013,Unauthorized,2023-06-25,Pending,45.0,3928.88
DSP00350,TXN0005846,C00039,M0039,Duplicate,2023-06-26,Resolved,,4793.16
DSP00351,TXN0005865,C00097,M0065,Unauthorized,2023-06-27,Pending,17.0,24455.47
DSP00352,TXN0005870,C00392,M0066,Duplicate,2023-06-27,Pending,27.0,1647.53
DSP00353,TXN0005894,C00649,M0116,Duplicate,2023-06-28,Pending,,7371.74
DSP00354,TXN0005895,C00147,M0037,Unauthorized,2023-06-28,Escalated,,1079.85
DSP00355,TXN0005901,C00746,M0028,Item Not Received,2023-06-29,Escalated,10.0,9425.11
DSP00356,TXN0005904,C00089,M0022,Duplicate,2023-06-29,Pending,11.0,18687.79
DSP00357,TXN0005910,C00748,M0034,Unauthorized,2023-06-29,Pending,8.0,16560.65
DSP00358,TXN0005932,C00320,M0072,Unauthorized,2023-06-30,Escalated,27.0,4704.08
DSP00359,TXN0005945,C00448,M0052,Quality Issue,2023-06-30,Pending,26.0,7063.3
DSP00360,TXN0005950,C00175,M0046,Unauthorized,2023-07-01,Resolved,11.0,14482.34
DSP00361,TXN0005965,C00203,M0111,Duplicate,2023-07-01,Pending,23.0,7002.23
DSP00362,TXN0005971,C00213,M0017,Item Not Received,2023-07-01,Resolved,33.0,3056.32
DSP00363,TXN0005981,C00684,M0111,Duplicate,2023-07-01,Escalated,,2821.18
DSP00364,TXN0005995,C00516,M0028,Unauthorized,2023-07-02,Resolved,1.0,8948.17
DSP00365,TXN0006024,C00751,M0046,Unauthorized,2023-07-03,Resolved,,3846.22
DSP00366,TXN0006025,C00255,M0030,Item Not Received,2023-07-03,Escalated,42.0,13963.04
DSP00367,TXN0006058,C00771,M0050,Duplicate,2023-07-04,Escalated,24.0,2388.42
DSP00368,TXN0006070,C00207,M0072,Item Not Received,2023-07-04,Resolved,11.0,807.98
DSP00369,TXN0006079,C00413,M0013,Quality Issue,2023-07-05,Resolved,45.0,4587.12
DSP00370,TXN0006086,C00704,M0045,Duplicate,2023-07-05,Pending,19.0,3663.61
DSP00371,TXN0006091,C00433,M0071,Unauthorized,2023-07-05,Resolved,17.0,6274.21
DSP00372,TXN0006119,C00547,M0064,Unauthorized,2023-07-06,Pending,8.0,3387.43
DSP00373,TXN0006128,C00099,M0063,Quality Issue,2023-07-06,Escalated,2.0,2427.95
DSP00374,TXN0006129,C00525,M0047,Item Not Received,2023-07-06,Escalated,22.0,4660.49
DSP00375,TXN0006139,C00434,M0100,Quality Issue,2023-07-06,Resolved,35.0,37677.37
DSP00376,TXN0006180,C00431,M0010,Duplicate,2023-07-08,Pending,8.0,688.37
DSP00377,TXN0006210,C00102,M0051,Quality Issue,2023-07-09,Resolved,,3535.93
DSP00378,TXN0006216,C00129,M0105,Duplicate,2023-07-09,Escalated,,5607.09
DSP00379,TXN0006248,C00051,M0030,Unauthorized,2023-07-10,Pending,40.0,146544.23
DSP00380,TXN0006271,C00288,M0066,Unauthorized,2023-07-11,Resolved,,1513.49
DSP00381,TXN0006284,C00757,M0014,Quality Issue,2023-07-11,Resolved,31.0,2002.06
DSP00382,TXN0006298,C00526,M0113,Item Not Received,2023-07-11,Pending,32.0,9330.06
DSP00383,TXN0006317,C00179,M0024,Item Not Received,2023-07-12,Resolved,6.0,469.87
DSP00384,TXN0006328,C00790,M0053,Item Not Received,2023-07-12,Escalated,36.0,3619.53
DSP00385,TXN0006329,C00336,M0066,Quality Issue,2023-07-12,Pending,28.0,914.8
DSP00386,TXN0006333,C00304,M0112,Duplicate,2023-07-12,Escalated,43.0,666.14
DSP00387,TXN0006336,C00693,M0071,Duplicate,2023-07-12,Resolved,30.0,383.24
DSP00388,TXN0006360,C00645,M0107,Item Not Received,2023-07-13,Resolved,42.0,5149.84
DSP00389,TXN0006361,C00588,M0028,Item Not Received,2023-07-13,Escalated,13.0,8486.53
DSP00390,TXN0006414,C00198,M0104,Item Not Received,2023-07-15,Resolved,8.0,3230.98
DSP00391,TXN0006421,C00431,M0033,Unauthorized,2023-07-15,Escalated,13.0,197.07
DSP00392,TXN0006424,C00271,M0083,Item Not Received,2023-07-15,Resolved,,4557.72
DSP00393,TXN0006429,C00320,M0033,Duplicate,2023-07-15,Pending,7.0,424.72
DSP00394,TXN0006496,C00006,M0118,Quality Issue,2023-07-17,Pending,35.0,1390.63
DSP00395,TXN0006498,C00341,M0104,Unauthorized,2023-07-18,Pending,14.0,153554.68
DSP00396,TXN0006525,C00540,M0103,Quality Issue,2023-07-18,Escalated,6.0,1260.35
DSP00397,TXN0006528,C00491,M0019,Item Not Received,2023-07-18,Resolved,43.0,2164.79
DSP00398,TXN0006538,C00302,M0056,Quality Issue,2023-07-19,Resolved,30.0,19001.6
DSP00399,TXN0006550,C00594,M0089,Unauthorized,2023-07-19,Escalated,,4232.31
DSP00400,TXN0006557,C00197,M0005,Item Not Received,2023-07-19,Escalated,5.0,14897.17
DSP00401,TXN0006559,C00132,M0028,Item Not Received,2023-07-19,Escalated,,24685.01
DSP00402,TXN0006598,C00119,M0088,Unauthorized,2023-07-20,Escalated,27.0,2121.57
DSP00403,TXN0006623,C00412,M0034,Item Not Received,2023-07-21,Escalated,28.0,22621.51
DSP00404,TXN0006670,C00482,M0118,Duplicate,2023-07-23,Pending,30.0,1484.43
DSP00405,TXN0006683,C00666,M0013,Unauthorized,2023-07-23,Escalated,17.0,189765.24
DSP00406,TXN0006684,C00754,M0111,Quality Issue,2023-07-23,Resolved,42.0,7925.28
DSP00407,TXN0006705,C00177,M0117,Quality Issue,2023-07-24,Resolved,15.0,981.68
DSP00408,TXN0006721,C00541,M0009,Duplicate,2023-07-24,Resolved,31.0,14560.58
DSP00409,TXN0006744,C00719,M0069,Quality Issue,2023-07-25,Resolved,5.0,6080.55
DSP00410,TXN0006746,C00629,M0083,Duplicate,2023-07-25,Pending,20.0,5599.27
DSP00411,TXN0006789,C00657,M0071,Duplicate,2023-07-26,Escalated,40.0,6173.24
DSP00412,TXN0006853,C00791,M0117,Duplicate,2023-07-28,Escalated,30.0,1845.09
DSP00413,TXN0006889,C00022,M0104,Duplicate,2023-07-29,Pending,,2300.97
DSP00414,TXN0006920,C00437,M0018,Item Not Received,2023-07-30,Resolved,18.0,2930.17
DSP00415,TXN0006928,C00707,M0067,Quality Issue,2023-07-30,Escalated,12.0,8106.26
DSP00416,TXN0006929,C00739,M0017,Quality Issue,2023-07-30,Pending,,3826.56
DSP00417,TXN0006943,C00764,M0008,Unauthorized,2023-07-30,Pending,43.0,25473.97
DSP00418,TXN0006949,C00092,M0091,Item Not Received,2023-07-30,Pending,,1440.62
DSP00419,TXN0006954,C00121,M0046,Item Not Received,2023-07-31,Escalated,31.0,14853.22
DSP00420,TXN0006971,C00511,M0043,Quality Issue,2023-07-31,Pending,23.0,12918.63
DSP00421,TXN0006972,C00141,M0082,Unauthorized,2023-07-31,Pending,38.0,1144.42
DSP00422,TXN0007001,C00324,M0013,Quality Issue,2023-08-01,Pending,24.0,889.52
DSP00423,TXN0007007,C00261,M0047,Duplicate,2023-08-01,Escalated,,1191.92
DSP00424,TXN0007015,C00624,M0068,Duplicate,2023-08-01,Resolved,27.0,4660.12
DSP00425,TXN0007019,C00450,M0044,Quality Issue,2023-08-01,Resolved,12.0,8590.93
DSP00426,TXN0007038,C00338,M0039,Item Not Received,2023-08-02,Resolved,45.0,11843.51
DSP00427,TXN0007091,C00672,M0103,Duplicate,2023-08-03,Resolved,22.0,1895.96
DSP00428,TXN0007126,C00537,M0024,Unauthorized,2023-08-04,Pending,43.0,1244.72
DSP00429,TXN0007168,C00215,M0115,Quality Issue,2023-08-06,Resolved,12.0,11533.96
DSP00430,TXN0007169,C00458,M0034,Quality Issue,2023-08-06,Escalated,,21806.5
DSP00431,TXN0007170,C00070,M0119,Quality Issue,2023-08-06,Resolved,26.0,1342.81
DSP00432,TXN0007173,C00640,M0115,Quality Issue,2023-08-06,Escalated,,1485.7
DSP00433,TXN0007180,C00732,M0073,Item Not Received,2023-08-06,Resolved,9.0,12493.14
DSP00434,TXN0007212,C00316,M0117,Unauthorized,2023-08-07,Escalated,35.0,2879.47
DSP00435,TXN0007231,C00684,M0036,Unauthorized,2023-08-07,Escalated,35.0,2264.37
DSP00436,TXN0007233,C00798,M0064,Unauthorized,2023-08-07,Escalated,8.0,2543.26
DSP00437,TXN0007241,C00764,M0037,Item Not Received,2023-08-08,Resolved,28.0,2786.56
DSP00438,TXN0007242,C00238,M0047,Quality Issue,2023-08-08,Resolved,,7374.01
DSP00439,TXN0007281,C00506,M0046,Quality Issue,2023-08-09,Escalated,39.0,969.58
DSP00440,TXN0007294,C00736,M0007,Quality Issue,2023-08-09,Resolved,42.0,3262.56
DSP00441,TXN0007296,C00714,M0026,Item Not Received,2023-08-09,Resolved,,3416.58
DSP00442,TXN0007316,C00500,M0029,Duplicate,2023-08-10,Pending,37.0,223.13
DSP00443,TXN0007318,C00638,M0072,Item Not Received,2023-08-10,Escalated,,1802.88
DSP00444,TXN0007323,C00221,M0079,Quality Issue,2023-08-10,Escalated,33.0,10380.39
DSP00445,TXN0007329,C00029,M0088,Unauthorized,2023-08-10,Pending,16.0,7394.01
DSP00446,TXN0007366,C00590,M0025,Quality Issue,2023-08-11,Resolved,,13864.57
DSP00447,TXN0007376,C00651,M0064,Unauthorized,2023-08-12,Resolved,10.0,2161.08
DSP00448,TXN0007379,C00025,M0024,Duplicate,2023-08-12,Escalated,,786.99
DSP00449,TXN0007381,C00163,M0001,Item Not Received,2023-08-12,Escalated,6.0,132157.85
DSP00450,TXN0007385,C00637,M0031,Unauthorized,2023-08-12,Resolved,41.0,163110.13
DSP00451,TXN0007396,C00329,M0079,Item Not Received,2023-08-12,Resolved,7.0,9781.6
DSP00452,TXN0007406,C00270,M0053,Quality Issue,2023-08-13,Escalated,,4464.91
DSP00453,TXN0007418,C00082,M0018,Quality Issue,2023-08-13,Pending,19.0,1512.19
DSP00454,TXN0007420,C00458,M0002,Item Not Received,2023-08-13,Escalated,17.0,140169.14
DSP00455,TXN0007436,C00496,M0036,Duplicate,2023-08-14,Pending,,1454.3
DSP00456,TXN0007442,C00120,M0036,Unauthorized,2023-08-14,Pending,9.0,846.0
DSP00457,TXN0007449,C00754,M0025,Item Not Received,2023-08-14,Resolved,,23951.61
DSP00458,TXN0007453,C00037,M0022,Quality Issue,2023-08-14,Pending,8.0,20667.92
DSP00459,TXN0007457,C00264,M0106,Duplicate,2023-08-14,Pending,4.0,182280.59
DSP00460,TXN0007487,C00300,M0120,Duplicate,2023-08-15,Escalated,,1157.64
DSP00461,TXN0007497,C00217,M0043,Item Not Received,2023-08-15,Resolved,45.0,157092.6
DSP00462,TXN0007581,C00718,M0118,Quality Issue,2023-08-18,Escalated,21.0,933.33
DSP00463,TXN0007583,C00125,M0091,Unauthorized,2023-08-18,Pending,12.0,257.72
DSP00464,TXN0007585,C00470,M0067,Unauthorized,2023-08-18,Escalated,44.0,579.7
DSP00465,TXN0007587,C00484,M0064,Duplicate,2023-08-18,Escalated,35.0,3323.34
DSP00466,TXN0007589,C00167,M0032,Unauthorized,2023-08-18,Escalated,32.0,9766.93
DSP00467,TXN0007592,C00385,M0034,Item Not Received,2023-08-18,Pending,21.0,12578.81
DSP00468,TXN0007598,C00285,M0088,Duplicate,2023-08-18,Resolved,,4522.48
DSP00469,TXN0007599,C00389,M0103,Quality Issue,2023-08-18,Pending,,70034.32
DSP00470,TXN0007605,C00660,M0058,Unauthorized,2023-08-18,Escalated,,156126.85
DSP00471,TXN0007607,C00622,M0052,Unauthorized,2023-08-19,Escalated,,4305.75
DSP00472,TXN0007619,C00792,M0072,Item Not Received,2023-08-19,Escalated,42.0,2037.19
DSP00473,TXN0007621,C00091,M0001,Item Not Received,2023-08-19,Resolved,35.0,6093.21
DSP00474,TXN0007631,C00786,M0051,Duplicate,2023-08-19,Escalated,15.0,3573.92
DSP00475,TXN0007637,C00800,M0034,Quality Issue,2023-08-19,Pending,,24317.03
DSP00476,TXN0007651,C00021,M0014,Unauthorized,2023-08-20,Escalated,,3720.84
DSP00477,TXN0007665,C00660,M0012,Quality Issue,2023-08-20,Pending,30.0,2714.83
DSP00478,TXN0007666,C00767,M0088,Unauthorized,2023-08-20,Escalated,32.0,12336.93
DSP00479,TXN0007668,C00574,M0056,Unauthorized,2023-08-20,Resolved,42.0,10605.28
DSP00480,TXN0007671,C00507,M0059,Quality Issue,2023-08-20,Pending,21.0,2500.78
DSP00481,TXN0007696,C00360,M0031,Item Not Received,2023-08-21,Pending,44.0,2971.58
DSP00482,TXN0007726,C00168,M0063,Unauthorized,2023-08-22,Escalated,31.0,5472.07
DSP00483,TXN0007735,C00216,M0027,Quality Issue,2023-08-23,Resolved,38.0,7381.03
DSP00484,TXN0007758,C00606,M0068,Quality Issue,2023-08-23,Escalated,,481.71
DSP00485,TXN0007801,C00646,M0001,Item Not Received,2023-08-25,Escalated,5.0,342.0
DSP00486,TXN0007810,C00345,M0016,Duplicate,2023-08-25,Escalated,35.0,4671.51
DSP00487,TXN0007813,C00727,M0055,Duplicate,2023-08-25,Escalated,18.0,8323.15
DSP00488,TXN0007820,C00420,M0114,Unauthorized,2023-08-25,Resolved,28.0,13274.38
DSP00489,TXN0007829,C00342,M0103,Quality Issue,2023-08-25,Resolved,,1458.32
DSP00490,TXN0007833,C00221,M0059,Unauthorized,2023-08-25,Escalated,,1283.79
DSP00491,TXN0007855,C00570,M0045,Quality Issue,2023-08-26,Escalated,26.0,1362.25
DSP00492,TXN0007859,C00569,M0023,Quality Issue,2023-08-26,Escalated,36.0,4866.24
DSP00493,TXN0007905,C00539,M0118,Quality Issue,2023-08-28,Pending,,377.42
DSP00494,TXN0007927,C00352,M0059,Quality Issue,2023-08-28,Resolved,20.0,628.03
DSP00495,TXN0007939,C00488,M0074,Item Not Received,2023-08-29,Pending,14.0,27966.69
DSP00496,TXN0007952,C00537,M0037,Unauthorized,2023-08-29,Resolved,5.0,1768.61
DSP00497,TXN0007992,C00661,M0095,Duplicate,2023-08-30,Pending,,35586.46
DSP00498,TXN0008010,C00446,M0065,Unauthorized,2023-08-31,Pending,22.0,6763.65
DSP00499,TXN0008011,C00366,M0005,Unauthorized,2023-08-31,Resolved,3.0,12778.1
DSP00500,TXN0008014,C00099,M0013,Quality Issue,2023-08-31,Resolved,22.0,1713.36
DSP00501,TXN0008015,C00085,M0007,Duplicate,2023-08-31,Pending,,1579.56
DSP00502,TXN0008017,C00149,M0029,Quality Issue,2023-08-31,Pending,45.0,1863.32
DSP00503,TXN0008038,C00572,M0025,Item Not Received,2023-08-31,Pending,5.0,6245.52
DSP00504,TXN0008050,C00308,M0052,Duplicate,2023-09-01,Resolved,13.0,3295.56
DSP00505,TXN0008060,C00646,M0019,Quality Issue,2023-09-01,Resolved,,2084.22
DSP00506,TXN0008076,C00210,M0112,Duplicate,2023-09-02,Pending,,2687.72
DSP00507,TXN0008095,C00692,M0058,Duplicate,2023-09-02,Pending,9.0,1265.39
DSP00508,TXN0008102,C00148,M0068,Quality Issue,2023-09-03,Pending,28.0,1160.83
DSP00509,TXN0008109,C00500,M0005,Unauthorized,2023-09-03,Escalated,,2508.44
DSP00510,TXN0008122,C00447,M0090,Unauthorized,2023-09-03,Escalated,19.0,120329.42
DSP00511,TXN0008128,C00264,M0047,Duplicate,2023-09-04,Escalated,34.0,2831.31
DSP00512,TXN0008140,C00170,M0092,Item Not Received,2023-09-04,Escalated,41.0,2427.7
DSP00513,TXN0008146,C00188,M0114,Item Not Received,2023-09-04,Resolved,4.0,2244.19
DSP00514,TXN0008159,C00019,M0006,Quality Issue,2023-09-05,Pending,5.0,41219.98
DSP00515,TXN0008194,C00215,M0061,Item Not Received,2023-09-06,Pending,9.0,2171.4
DSP00516,TXN0008196,C00215,M0113,Quality Issue,2023-09-06,Resolved,7.0,9019.4
DSP00517,TXN0008199,C00082,M0055,Duplicate,2023-09-06,Resolved,10.0,12763.32
DSP00518,TXN0008214,C00712,M0120,Quality Issue,2023-09-07,Escalated,,3006.9
DSP00519,TXN0008225,C00196,M0056,Duplicate,2023-09-07,Escalated,,19100.44
DSP00520,TXN0008235,C00107,M0101,Quality Issue,2023-09-08,Pending,6.0,788.61
DSP00521,TXN0008253,C00580,M0007,Unauthorized,2023-09-08,Escalated,,1247.41
DSP00522,TXN0008280,C00666,M0007,Item Not Received,2023-09-09,Escalated,6.0,2705.07
DSP00523,TXN0008286,C00556,M0018,Unauthorized,2023-09-09,Resolved,9.0,804.41
DSP00524,TXN0008328,C00336,M0116,Item Not Received,2023-09-10,Escalated,34.0,833.49
DSP00525,TXN0008400,C00297,M0069,Quality Issue,2023-09-12,Pending,31.0,2456.25
DSP00526,TXN0008404,C00765,M0078,Quality Issue,2023-09-12,Escalated,12.0,23335.25
DSP00527,TXN0008406,C00640,M0076,Duplicate,2023-09-12,Pending,43.0,3923.29
DSP00528,TXN0008461,C00548,M0103,Duplicate,2023-09-14,Pending,36.0,896.92
DSP00529,TXN0008485,C00471,M0062,Unauthorized,2023-09-15,Pending,41.0,19947.34
DSP00530,TXN0008490,C00507,M0072,Duplicate,2023-09-15,Pending,,1625.86
DSP00531,TXN0008510,C00291,M0029,Quality Issue,2023-09-16,Resolved,14.0,91874.49
DSP00532,TXN0008516,C00543,M0056,Quality Issue,2023-09-16,Resolved,8.0,3412.48
DSP00533,TXN0008528,C00619,M0104,Unauthorized,2023-09-16,Resolved,,3153.58
DSP00534,TXN0008547,C00464,M0073,Item Not Received,2023-09-16,Escalated,45.0,42183.4
DSP00535,TXN0008550,C00373,M0039,Quality Issue,2023-09-17,Resolved,29.0,10182.74
DSP00536,TXN0008551,C00638,M0027,Unauthorized,2023-09-17,Escalated,,10136.97
DSP00537,TXN0008552,C00497,M0010,Quality Issue,2023-09-17,Pending,30.0,1326.05
DSP00538,TXN0008555,C00201,M0086,Quality Issue,2023-09-17,Resolved,6.0,168.58
DSP00539,TXN0008573,C00294,M0005,Quality Issue,2023-09-17,Escalated,34.0,501.25
DSP00540,TXN0008576,C00644,M0019,Unauthorized,2023-09-17,Resolved,16.0,2803.68
DSP00541,TXN0008579,C00606,M0021,Quality Issue,2023-09-18,Escalated,30.0,4846.37
DSP00542,TXN0008606,C00674,M0069,Item Not Received,2023-09-18,Escalated,13.0,11511.69
DSP00543,TXN0008616,C00408,M0041,Unauthorized,2023-09-19,Pending,,45560.0
DSP00544,TXN0008643,C00407,M0096,Unauthorized,2023-09-20,Pending,27.0,3512.76
DSP00545,TXN0008680,C00549,M0032,Item Not Received,2023-09-21,Escalated,29.0,2773.12
DSP00546,TXN0008685,C00773,M0068,Quality Issue,2023-09-21,Pending,4.0,4396.1
DSP00547,TXN0008689,C00005,M0114,Unauthorized,2023-09-21,Escalated,13.0,4773.82
DSP00548,TXN0008691,C00399,M0010,Item Not Received,2023-09-21,Pending,45.0,1868.31
DSP00549,TXN0008712,C00732,M0120,Unauthorized,2023-09-22,Resolved,,94182.32
DSP00550,TXN0008718,C00714,M0039,Duplicate,2023-09-22,Resolved,9.0,14655.07
DSP00551,TXN0008727,C00482,M0117,Duplicate,2023-09-22,Escalated,1.0,2426.31
DSP00552,TXN0008789,C00334,M0100,Quality Issue,2023-09-24,Resolved,44.0,41296.51
DSP00553,TXN0008820,C00780,M0044,Duplicate,2023-09-26,Escalated,29.0,12512.14
DSP00554,TXN0008831,C00124,M0016,Duplicate,2023-09-26,Pending,16.0,3642.2
DSP00555,TXN0008850,C00043,M0116,Duplicate,2023-09-26,Resolved,32.0,5011.99
DSP00556,TXN0008878,C00627,M0022,Unauthorized,2023-09-27,Pending,23.0,11251.65
DSP00557,TXN0008882,C00155,M0111,Duplicate,2023-09-27,Escalated,,4078.98
DSP00558,TXN0008892,C00423,M0117,Quality Issue,2023-09-28,Resolved,34.0,2369.96
DSP00559,TXN0008910,C00321,M0116,Unauthorized,2023-09-28,Escalated,,6220.81
DSP00560,TXN0008942,C00033,M0090,Unauthorized,2023-09-29,Pending,,1171.82
DSP00561,TXN0008957,C00564,M0070,Duplicate,2023-09-30,Resolved,40.0,4856.41
DSP00562,TXN0008990,C00626,M0004,Item Not Received,2023-10-01,Escalated,20.0,3480.97
DSP00563,TXN0009025,C00429,M0118,Quality Issue,2023-10-02,Resolved,40.0,1263.51
DSP00564,TXN0009028,C00424,M0023,Duplicate,2023-10-02,Resolved,1.0,626.43
DSP00565,TXN0009039,C00539,M0041,Unauthorized,2023-10-02,Pending,3.0,46178.05
DSP00566,TXN0009048,C00624,M0069,Quality Issue,2023-10-02,Pending,41.0,100477.53
DSP00567,TXN0009050,C00556,M0057,Quality Issue,2023-10-03,Escalated,41.0,4024.12
DSP00568,TXN0009053,C00476,M0105,Duplicate,2023-10-03,Escalated,39.0,14218.67
DSP00569,TXN0009055,C00052,M0061,Quality Issue,2023-10-03,Pending,39.0,1799.14
DSP00570,TXN0009070,C00641,M0076,Quality Issue,2023-10-03,Resolved,41.0,2793.33
DSP00571,TXN0009140,C00743,M0009,Quality Issue,2023-10-04,Pending,34.0,13870.08
DSP00572,TXN0009142,C00633,M0096,Item Not Received,2023-10-04,Escalated,17.0,2443.37
DSP00573,TXN0009158,C00427,M0092,Unauthorized,2023-10-05,Pending,17.0,3857.39
DSP00574,TXN0009174,C00517,M0066,Quality Issue,2023-10-05,Resolved,18.0,1262.57
DSP00575,TXN0009176,C00031,M0025,Item Not Received,2023-10-05,Escalated,45.0,44415.83
DSP00576,TXN0009196,C00544,M0006,Duplicate,2023-10-06,Resolved,10.0,25052.91
DSP00577,TXN0009205,C00178,M0059,Quality Issue,2023-10-06,Pending,,7448.91
DSP00578,TXN0009208,C00343,M0030,Quality Issue,2023-10-06,Pending,7.0,755.86
DSP00579,TXN0009227,C00101,M0084,Quality Issue,2023-10-07,Resolved,19.0,5905.42
DSP00580,TXN0009233,C00732,M0060,Unauthorized,2023-10-08,Pending,,2385.8
DSP00581,TXN0009300,C00352,M0043,Duplicate,2023-10-10,Pending,42.0,18124.1
DSP00582,TXN0009301,C00680,M0044,Duplicate,2023-10-10,Pending,,12711.41
DSP00583,TXN0009315,C00057,M0038,Quality Issue,2023-10-10,Resolved,,23343.06
DSP00584,TXN0009348,C00208,M0078,Item Not Received,2023-10-11,Escalated,27.0,18392.75
DSP00585,TXN0009354,C00400,M0033,Unauthorized,2023-10-11,Pending,8.0,900.23
DSP00586,TXN0009357,C00367,M0031,Item Not Received,2023-10-11,Escalated,7.0,145207.91
DSP00587,TXN0009397,C00005,M0068,Duplicate,2023-10-13,Resolved,38.0,1853.52
DSP00588,TXN0009421,C00612,M0021,Duplicate,2023-10-13,Resolved,27.0,2664.34
DSP00589,TXN0009493,C00219,M0012,Quality Issue,2023-10-16,Pending,,8318.42
DSP00590,TXN0009510,C00318,M0025,Item Not Received,2023-10-16,Pending,9.0,12789.52
DSP00591,TXN0009523,C00063,M0027,Unauthorized,2023-10-17,Escalated,37.0,10869.79
DSP00592,TXN0009524,C00328,M0086,Item Not Received,2023-10-17,Resolved,22.0,1745.21
DSP00593,TXN0009528,C00503,M0025,Duplicate,2023-10-17,Escalated,,49069.59
DSP00594,TXN0009534,C00016,M0028,Unauthorized,2023-10-17,Pending,44.0,5067.38
DSP00595,TXN0009550,C00655,M0108,Duplicate,2023-10-18,Escalated,9.0,2237.5
DSP00596,TXN0009554,C00578,M0002,Duplicate,2023-10-18,Resolved,11.0,65766.25
DSP00597,TXN0009563,C00331,M0043,Quality Issue,2023-10-18,Pending,2.0,16647.96
DSP00598,TXN0009602,C00439,M0075,Unauthorized,2023-10-19,Resolved,28.0,938.09
DSP00599,TXN0009606,C00750,M0071,Unauthorized,2023-10-19,Pending,33.0,7078.6
DSP00600,TXN0009609,C00056,M0106,Item Not Received,2023-10-19,Pending,,2679.52
DSP00601,TXN0009618,C00403,M0111,Quality Issue,2023-10-20,Pending,,2614.64
DSP00602,TXN0009622,C00493,M0062,Quality Issue,2023-10-20,Escalated,,14968.5
DSP00603,TXN0009641,C00587,M0006,Unauthorized,2023-10-20,Resolved,,19551.41
DSP00604,TXN0009653,C00068,M0044,Item Not Received,2023-10-21,Resolved,31.0,13078.6
DSP00605,TXN0009658,C00125,M0066,Unauthorized,2023-10-21,Resolved,38.0,1437.66
DSP00606,TXN0009662,C00434,M0083,Unauthorized,2023-10-21,Escalated,8.0,2512.28
DSP00607,TXN0009680,C00481,M0100,Duplicate,2023-10-21,Escalated,40.0,26699.43
DSP00608,TXN0009691,C00271,M0113,Quality Issue,2023-10-22,Resolved,37.0,10867.78
DSP00609,TXN0009702,C00210,M0099,Unauthorized,2023-10-22,Resolved,40.0,1148.01
DSP00610,TXN0009730,C00276,M0053,Duplicate,2023-10-23,Pending,19.0,2804.3
DSP00611,TXN0009736,C00215,M0115,Duplicate,2023-10-23,Escalated,8.0,10966.53
DSP00612,TXN0009743,C00076,M0082,Duplicate,2023-10-23,Pending,8.0,1351.07
DSP00613,TXN0009750,C00653,M0085,Item Not Received,2023-10-23,Pending,21.0,1896.27
DSP00614,TXN0009790,C00184,M0119,Unauthorized,2023-10-25,Pending,32.0,783.61
DSP00615,TXN0009797,C00438,M0018,Duplicate,2023-10-25,Pending,33.0,2175.86
DSP00616,TXN0009800,C00157,M0098,Quality Issue,2023-10-25,Escalated,,10831.42
DSP00617,TXN0009806,C00054,M0100,Unauthorized,2023-10-25,Pending,26.0,33748.26
DSP00618,TXN0009821,C00507,M0016,Item Not Received,2023-10-26,Escalated,36.0,124788.79
DSP00619,TXN0009825,C00718,M0052,Duplicate,2023-10-26,Escalated,14.0,3380.1
DSP00620,TXN0009828,C00636,M0057,Quality Issue,2023-10-26,Pending,3.0,1772.78
DSP00621,TXN0009845,C00690,M0062,Item Not Received,2023-10-26,Resolved,1.0,13057.01
DSP00622,TXN0009900,C00434,M0068,Item Not Received,2023-10-28,Pending,34.0,3754.94
DSP00623,TXN0009910,C00021,M0104,Item Not Received,2023-10-28,Pending,,1559.86
DSP00624,TXN0009917,C00316,M0008,Quality Issue,2023-10-28,Escalated,,8753.34
DSP00625,TXN0009938,C00055,M0074,Quality Issue,2023-10-29,Pending,22.0,45645.86
DSP00626,TXN0009973,C00325,M0016,Quality Issue,2023-10-30,Escalated,9.0,2141.46
DSP00627,TXN0009974,C00200,M0022,Duplicate,2023-10-30,Resolved,1.0,5634.34
DSP00628,TXN0009975,C00091,M0060,Item Not Received,2023-10-30,Escalated,,698.15
DSP00629,TXN0009979,C00168,M0115,Unauthorized,2023-10-30,Pending,35.0,10764.18
DSP00630,TXN0009989,C00456,M0059,Unauthorized,2023-10-30,Pending,14.0,7304.21
DSP00631,TXN0010010,C00324,M0018,Duplicate,2023-10-31,Escalated,6.0,1617.24
DSP00632,TXN0010046,C00691,M0101,Quality Issue,2023-11-01,Escalated,,2297.05
DSP00633,TXN0010052,C00662,M0010,Item Not Received,2023-11-01,Escalated,29.0,745.22
DSP00634,TXN0010072,C00440,M0086,Item Not Received,2023-11-02,Resolved,2.0,1064.08
DSP00635,TXN0010087,C00277,M0074,Duplicate,2023-11-02,Resolved,31.0,22981.22
DSP00636,TXN0010094,C00190,M0053,Quality Issue,2023-11-02,Resolved,3.0,1626.45
DSP00637,TXN0010095,C00402,M0102,Quality Issue,2023-11-02,Resolved,34.0,48363.49
DSP00638,TXN0010110,C00764,M0069,Item Not Received,2023-11-03,Resolved,5.0,10951.14
DSP00639,TXN0010114,C00143,M0017,Item Not Received,2023-11-03,Pending,19.0,2669.21
DSP00640,TXN0010125,C00444,M0075,Quality Issue,2023-11-03,Resolved,33.0,1942.12
DSP00641,TXN0010144,C00720,M0008,Duplicate,2023-11-04,Resolved,,18694.74
DSP00642,TXN0010152,C00226,M0113,Duplicate,2023-11-04,Pending,,12197.0
DSP00643,TXN0010171,C00593,M0075,Quality Issue,2023-11-05,Escalated,42.0,1050.51
DSP00644,TXN0010272,C00584,M0078,Unauthorized,2023-11-08,Pending,,5920.56
DSP00645,TXN0010287,C00394,M0081,Unauthorized,2023-11-08,Escalated,19.0,15787.05
DSP00646,TXN0010316,C00461,M0106,Duplicate,2023-11-09,Escalated,16.0,2899.45
DSP00647,TXN0010322,C00286,M0075,Item Not Received,2023-11-09,Resolved,44.0,1553.17
DSP00648,TXN0010343,C00374,M0012,Quality Issue,2023-11-10,Escalated,28.0,4469.36
DSP00649,TXN0010346,C00745,M0064,Quality Issue,2023-11-10,Resolved,34.0,3237.31
DSP00650,TXN0010365,C00062,M0046,Item Not Received,2023-11-10,Resolved,36.0,10589.74
DSP00651,TXN0010404,C00316,M0027,Item Not Received,2023-11-12,Resolved,,14345.24
DSP00652,TXN0010431,C00353,M0013,Quality Issue,2023-11-12,Pending,44.0,4605.19
DSP00653,TXN0010482,C00625,M0090,Quality Issue,2023-11-13,Escalated,,2582.42
DSP00654,TXN0010483,C00277,M0034,Duplicate,2023-11-13,Pending,1.0,10858.08
DSP00655,TXN0010490,C00078,M0113,Duplicate,2023-11-14,Pending,3.0,12428.69
DSP00656,TXN0010536,C00536,M0107,Quality Issue,2023-11-15,Escalated,29.0,9226.56
DSP00657,TXN0010574,C00171,M0107,Unauthorized,2023-11-17,Pending,20.0,4840.37
DSP00658,TXN0010581,C00286,M0025,Unauthorized,2023-11-17,Escalated,7.0,6546.45
DSP00659,TXN0010591,C00760,M0099,Duplicate,2023-11-18,Escalated,3.0,17634.75
DSP00660,TXN0010594,C00443,M0089,Item Not Received,2023-11-18,Resolved,,6836.68
DSP00661,TXN0010595,C00334,M0059,Unauthorized,2023-11-18,Resolved,21.0,7482.32
DSP00662,TXN0010601,C00203,M0107,Quality Issue,2023-11-18,Escalated,,12361.27
DSP00663,TXN0010612,C00334,M0078,Unauthorized,2023-11-18,Resolved,30.0,24871.3
DSP00664,TXN0010630,C00753,M0097,Quality Issue,2023-11-19,Pending,43.0,1102.3
DSP00665,TXN0010653,C00390,M0115,Unauthorized,2023-11-20,Pending,19.0,5354.2
DSP00666,TXN0010671,C00472,M0120,Quality Issue,2023-11-20,Escalated,25.0,1436.86
DSP00667,TXN0010692,C00776,M0029,Item Not Received,2023-11-21,Resolved,1.0,4605.64
DSP00668,TXN0010713,C00707,M0001,Unauthorized,2023-11-21,Resolved,,7377.36
DSP00669,TXN0010744,C00296,M0117,Unauthorized,2023-11-22,Pending,5.0,629.72
DSP00670,TXN0010750,C00393,M0006,Quality Issue,2023-11-22,Pending,,27646.03
DSP00671,TXN0010755,C00555,M0084,Unauthorized,2023-11-22,Escalated,6.0,20519.03
DSP00672,TXN0010778,C00386,M0078,Duplicate,2023-11-23,Resolved,1.0,10452.14
DSP00673,TXN0010801,C00073,M0072,Quality Issue,2023-11-24,Escalated,33.0,1855.46
DSP00674,TXN0010807,C00387,M0066,Quality Issue,2023-11-24,Escalated,37.0,1298.18
DSP00675,TXN0010818,C00769,M0058,Unauthorized,2023-11-24,Resolved,27.0,180692.81
DSP00676,TXN0010838,C00704,M0080,Duplicate,2023-11-25,Pending,8.0,16144.42
DSP00677,TXN0010844,C00144,M0079,Item Not Received,2023-11-25,Pending,10.0,12818.65
DSP00678,TXN0010849,C00542,M0061,Duplicate,2023-11-25,Escalated,,566.61
DSP00679,TXN0010867,C00004,M0019,Item Not Received,2023-11-26,Escalated,,2197.73
DSP00680,TXN0010880,C00424,M0006,Duplicate,2023-11-26,Pending,19.0,23569.71
DSP00681,TXN0010903,C00507,M0097,Unauthorized,2023-11-27,Resolved,19.0,3167.46
DSP00682,TXN0010905,C00427,M0107,Quality Issue,2023-11-27,Escalated,41.0,3292.95
DSP00683,TXN0010906,C00218,M0100,Item Not Received,2023-11-27,Pending,19.0,2713.7
DSP00684,TXN0010912,C00602,M0061,Item Not Received,2023-11-27,Escalated,28.0,923.36
DSP00685,TXN0010940,C00778,M0076,Duplicate,2023-11-28,Pending,,810.91
DSP00686,TXN0010953,C00234,M0001,Item Not Received,2023-11-28,Resolved,,163122.03
DSP00687,TXN0010958,C00366,M0110,Item Not Received,2023-11-28,Escalated,40.0,4752.73
DSP00688,TXN0010975,C00117,M0026,Item Not Received,2023-11-29,Escalated,,1497.86
DSP00689,TXN0010976,C00459,M0116,Item Not Received,2023-11-29,Escalated,,5539.65
DSP00690,TXN0010985,C00323,M0052,Duplicate,2023-11-30,Resolved,31.0,2527.85
DSP00691,TXN0011014,C00231,M0055,Quality Issue,2023-11-30,Pending,32.0,4491.58
DSP00692,TXN0011035,C00077,M0094,Duplicate,2023-12-01,Pending,21.0,26892.65
DSP00693,TXN0011037,C00679,M0085,Item Not Received,2023-12-01,Escalated,34.0,2299.62
DSP00694,TXN0011044,C00574,M0072,Item Not Received,2023-12-02,Resolved,23.0,1902.38
DSP00695,TXN0011058,C00413,M0059,Quality Issue,2023-12-02,Pending,45.0,5176.27
DSP00696,TXN0011070,C00050,M0039,Item Not Received,2023-12-03,Escalated,1.0,11860.99
DSP00697,TXN0011125,C00317,M0075,Duplicate,2023-12-04,Resolved,36.0,2798.26
DSP00698,TXN0011135,C00346,M0041,Quality Issue,2023-12-04,Escalated,,25562.88
DSP00699,TXN0011137,C00243,M0101,Duplicate,2023-12-04,Pending,20.0,7059.42
DSP00700,TXN0011150,C00620,M0038,Unauthorized,2023-12-05,Pending,39.0,10769.42
DSP00701,TXN0011194,C00298,M0057,Unauthorized,2023-12-06,Escalated,3.0,647.57
DSP00702,TXN0011231,C00352,M0076,Item Not Received,2023-12-07,Pending,20.0,3477.27
DSP00703,TXN0011235,C00166,M0113,Duplicate,2023-12-07,Escalated,27.0,13851.14
DSP00704,TXN0011244,C00097,M0074,Duplicate,2023-12-07,Resolved,,46670.01
DSP00705,TXN0011270,C00011,M0089,Duplicate,2023-12-08,Escalated,1.0,547.2
DSP00706,TXN0011272,C00004,M0054,Quality Issue,2023-12-08,Resolved,45.0,11543.02
DSP00707,TXN0011293,C00728,M0062,Duplicate,2023-12-09,Resolved,,69011.93
DSP00708,TXN0011316,C00019,M0106,Item Not Received,2023-12-10,Escalated,,624.85
DSP00709,TXN0011317,C00437,M0115,Quality Issue,2023-12-10,Resolved,16.0,2799.59
DSP00710,TXN0011347,C00535,M0046,Quality Issue,2023-12-11,Resolved,,10155.72
DSP00711,TXN0011349,C00271,M0073,Item Not Received,2023-12-11,Resolved,38.0,47822.67
DSP00712,TXN0011382,C00432,M0043,Unauthorized,2023-12-12,Resolved,5.0,30911.11
DSP00713,TXN0011384,C00192,M0051,Quality Issue,2023-12-12,Pending,44.0,5021.7
DSP00714,TXN0011400,C00629,M0091,Quality Issue,2023-12-13,Pending,,1703.71
DSP00715,TXN0011416,C00626,M0116,Unauthorized,2023-12-13,Resolved,,198202.24
DSP00716,TXN0011431,C00363,M0034,Unauthorized,2023-12-14,Resolved,20.0,24271.12
DSP00717,TXN0011441,C00419,M0022,Unauthorized,2023-12-14,Escalated,7.0,15056.5
DSP00718,TXN0011448,C00392,M0120,Quality Issue,2023-12-14,Pending,12.0,3822.59
DSP00719,TXN0011449,C00174,M0069,Item Not Received,2023-12-14,Pending,,8010.03
DSP00720,TXN0011460,C00314,M0059,Item Not Received,2023-12-14,Escalated,,2245.02
DSP00721,TXN0011466,C00365,M0108,Quality Issue,2023-12-15,Pending,19.0,4540.81
DSP00722,TXN0011484,C00245,M0008,Item Not Received,2023-12-15,Escalated,,43458.48
DSP00723,TXN0011495,C00689,M0108,Unauthorized,2023-12-16,Pending,43.0,2837.15
DSP00724,TXN0011519,C00016,M0102,Unauthorized,2023-12-16,Escalated,22.0,31643.87
DSP00725,TXN0011520,C00444,M0049,Item Not Received,2023-12-16,Resolved,,251.33
DSP00726,TXN0011586,C00326,M0045,Unauthorized,2023-12-18,Pending,5.0,80556.67
DSP00727,TXN0011640,C00237,M0063,Duplicate,2023-12-20,Resolved,25.0,5679.15
DSP00728,TXN0011644,C00520,M0029,Item Not Received,2023-12-20,Escalated,3.0,3264.4
DSP00729,TXN0011649,C00088,M0033,Item Not Received,2023-12-20,Escalated,,2397.94
DSP00730,TXN0011669,C00768,M0117,Item Not Received,2023-12-21,Resolved,,105.87
DSP00731,TXN0011677,C00256,M0032,Unauthorized,2023-12-21,Escalated,16.0,8244.29
DSP00732,TXN0011686,C00295,M0078,Unauthorized,2023-12-21,Pending,33.0,14877.46
DSP00733,TXN0011694,C00448,M0009,Unauthorized,2023-12-21,Escalated,,3223.33
DSP00734,TXN0011751,C00562,M0045,Quality Issue,2023-12-23,Resolved,36.0,2148.05
DSP00735,TXN0011761,C00754,M0118,Quality Issue,2023-12-24,Pending,,465.37
DSP00736,TXN0011767,C00532,M0102,Unauthorized,2023-12-24,Resolved,7.0,7396.11
DSP00737,TXN0011799,C00783,M0038,Item Not Received,2023-12-25,Resolved,21.0,4652.52
DSP00738,TXN0011804,C00578,M0096,Quality Issue,2023-12-25,Escalated,38.0,2482.76
DSP00739,TXN0011820,C00008,M0081,Quality Issue,2023-12-25,Resolved,31.0,20422.24
DSP00740,TXN0011825,C00235,M0022,Quality Issue,2023-12-26,Resolved,,24801.34
DSP00741,TXN0011849,C00417,M0062,Duplicate,2023-12-27,Escalated,,63921.14
DSP00742,TXN0011854,C00746,M0028,Unauthorized,2023-12-27,Escalated,38.0,17817.57
DSP00743,TXN0011867,C00077,M0086,Duplicate,2023-12-27,Escalated,,1591.14
DSP00744,TXN0011870,C00213,M0082,Quality Issue,2023-12-27,Escalated,,1306.61
DSP00745,TXN0011907,C00484,M0037,Unauthorized,2023-12-28,Resolved,7.0,2036.73
DSP00746,TXN0011959,C00325,M0102,Unauthorized,2023-12-30,Resolved,,41372.3
DSP00747,TXN0011967,C00249,M0099,Item Not Received,2023-12-30,Resolved,35.0,6095.43
